County,fips,visits,individuals,pounds,need_people_month,population,visits_per_1000,poverty_rate,snap_hh_rate,poor_no_snap_rate,med_income,no_vehicle_rate,rucc,metro,main_food_bank,report_share
Aitkin,27001,330.9166666666667,719.4166666666666,18017.975000000002,1411.6666666666667,16056,20.610156120245808,0.1311299292214358,0.0894489061201883,0.0959567986707283,60833,0.0497092218222099,8,False,Second Harvest Northland,0.9861111111111112
Anoka,27003,19465.083333333332,72999.08333333333,774816.8333333334,19215.0,370349,52.55875764031584,0.0701941313684026,0.071664532277781,0.0487732114791314,101869,0.0464593398917282,1,True,Second Harvest Heartland,1.0
Becker,27005,543.75,1736.75,51284.916666666664,2776.6666666666665,35343,15.38494185553009,0.1290062255014987,0.1157529493407356,0.0646079111727966,71388,0.0578070784177654,6,False,North Country Food Bank,1.0
Beltrami,27007,1250.3333333333333,3717.3333333333335,86149.17916666667,4083.3333333333335,46512,26.88195161105378,0.1613795274174329,0.1346577151661897,0.0822694254897644,68975,0.0588817961699317,7,False,North Country Food Bank,0.5916666666666667
Benton,27009,673.0833333333334,1693.75,36775.416666666664,3062.5,41593,16.1826108559934,0.0986573406050527,0.0856510556851486,0.0613673066570967,74410,0.0612476822776481,3,True,Second Harvest Heartland,1.0
Big Stone,27011,86.08333333333333,270.5,6464.583333333333,402.5,5127,16.790195695988555,0.1293881644934804,0.0950374531835206,0.0632022471910112,70400,0.0444756554307116,9,False,Second Harvest Heartland,1.0
Blue Earth,27013,3745.8333333333335,12674.166666666666,304362.0833333333,5360.833333333333,69871,53.61070162633043,0.1567183364839319,0.0875172064044048,0.1134898210533942,74477,0.066000144896037,3,True,Second Harvest Heartland,1.0
Brown,27015,293.0833333333333,764.9166666666666,29412.083333333332,1650.8333333333333,25800,11.359819121447028,0.084676604855977,0.0650222181917112,0.0765394032828511,69378,0.0485172757776367,6,False,Second Harvest Heartland,1.0
Carlton,27017,655.0,1509.3333333333333,39634.058333333334,2759.1666666666665,36518,17.936360151158333,0.1189445118078411,0.073527324343506,0.0667849538679914,80573,0.0565649396735273,2,True,Second Harvest Northland,1.0
Carver,27019,2072.5,7313.75,161709.91666666666,4999.166666666667,110041,18.833889186757663,0.0442165943033385,0.0365270188221007,0.0375227686703096,125946,0.0379113539769277,1,True,Second Harvest Heartland,1.0
Cass,27021,1330.4166666666667,3861.8333333333335,77962.505,2385.8333333333335,30992,42.92774479435553,0.1280635252597869,0.1158148205685878,0.0820257884107503,68874,0.0419450054373155,9,False,Second Harvest Northland,1.0
Chippewa,27023,246.16666666666666,689.3333333333334,10028.083333333334,1055.8333333333333,12377,19.88904150171016,0.145328146983365,0.0983222785797893,0.07530238002341,71458,0.0692547795552087,7,False,Second Harvest Heartland,1.0
Chisago,27025,1191.25,2667.5,68218.83333333333,3050.8333333333335,57991,20.541980652170164,0.0595158155151086,0.0525650627223366,0.042267365661861,99400,0.0390376334019846,1,True,Second Harvest Heartland,1.0
Clay,27027,2234.25,5678.666666666667,82320.41666666667,4946.666666666667,66059,33.822037875232745,0.1326490202601023,0.0992738824597231,0.0966643975493533,81172,0.0906890552908252,3,True,North Country Food Bank,0.9427655677655679
Clearwater,27029,194.33333333333334,497.5833333333333,12920.583333333334,758.3333333333334,8616,22.554936552151037,0.1257563174753826,0.1311769991015274,0.088649296196466,64475,0.0922431865828092,8,False,North Country Food Bank,1.0
Cook,27031,236.41666666666666,518.1666666666666,13072.166666666666,396.6666666666667,5635,41.9550428867199,0.1016827783745077,0.0413284132841328,0.0571955719557195,72638,0.0254612546125461,9,False,Second Harvest Northland,1.0
Cottonwood,27033,323.5,1052.5833333333333,18583.0,950.8333333333334,11458,28.23354861232327,0.1500089237908263,0.0943844492440604,0.0883369330453563,72941,0.0587473002159827,9,False,Second Harvest Heartland,1.0
Crow Wing,27035,1993.5833333333333,4707.583333333333,115260.53250000002,5104.166666666667,67686,29.45340740084114,0.0986731508165225,0.0867968165430923,0.0692129787089313,72589,0.0488062036596149,4,False,Second Harvest Northland,1.0
Dakota,27037,10095.916666666666,29776.083333333332,744652.8333333334,24476.666666666668,445771,22.648213245515446,0.0584737609921998,0.048628714972299,0.0465009577774973,106318,0.0494087014372397,1,True,Second Harvest Heartland,1.0
Dodge,27039,796.6666666666666,2187.9166666666665,34373.416666666664,1143.3333333333333,21045,37.85538924526807,0.0704013944705369,0.0606210565384139,0.0403315600643325,95739,0.0378572312260299,3,True,Channel One Regional Food Bank*,1.0
Douglas,27041,468.9166666666667,1337.3333333333333,62812.0,2531.6666666666665,39575,11.848810275847548,0.0897676210039799,0.0595353616073976,0.0748901192990467,79043,0.0502311775786289,6,False,North Country Food Bank,1.0
Faribault,27043,356.9166666666667,833.8333333333334,15231.333333333334,1050.0,13914,25.651621867663266,0.1036835926034634,0.1006744530350386,0.0789603553215989,66815,0.0493502220759993,8,False,Channel One Regional Food Bank*,0.9444444444444445
Fillmore,27045,391.8333333333333,935.1666666666666,20347.590833333332,1248.3333333333333,21414,18.2979981943277,0.0838595484117872,0.0667201650808208,0.0645420153616875,77512,0.057778287286484,3,True,Channel One Regional Food Bank*,1.0
Freeborn,27047,968.0,2552.0833333333335,45069.5,2280.8333333333335,30623,31.610227606700846,0.1062506237317454,0.0949711972598474,0.0716176241631636,71023,0.0581503970107426,7,False,Channel One Regional Food Bank*,1.0
Goodhue,27049,1333.8333333333333,3192.8333333333335,65232.03333333333,3033.3333333333335,47943,27.82123215763163,0.0927725446001403,0.0755816900694479,0.07406093171795,84171,0.0680792822020581,6,False,Channel One Regional Food Bank*,0.9833333333333334
Grant,27051,93.91666666666667,199.75,7137.564166666667,455.0,6127,15.328328164952941,0.1161215725140403,0.0831325301204819,0.0791164658634538,73917,0.0457831325301204,9,False,North Country Food Bank,1.0
Hennepin,27053,80605.75,246237.41666666666,4228622.166666667,83510.0,1269496,63.494292223055446,0.0995082492532986,0.0811576795250355,0.063361341111006,97653,0.0932431004665491,1,True,The Food Group,0.9919701551285677
Houston,27055,785.0,1842.8333333333333,27234.3875,1003.3333333333334,18653,42.08438320913526,0.0658130323910802,0.0343004671748217,0.0686009343496434,79825,0.0322104745512662,3,True,Channel One Regional Food Bank*,1.0
Hubbard,27057,558.4166666666666,1576.0833333333333,53824.333333333336,1633.3333333333333,21831,25.57906951887988,0.1077436396496594,0.1022980812137438,0.0618027666220437,71995,0.0448460508701472,9,False,North Country Food Bank,1.0
Isanti,27059,1107.6666666666667,3603.25,59638.083333333336,2625.0,42596,26.00400663599086,0.0745304746301968,0.0673909040692321,0.0519241392008838,87440,0.0391579205793899,1,True,Second Harvest Heartland,1.0
Itasca,27061,1628.4166666666667,4145.916666666667,111833.355,3675.0,45275,35.967237253819256,0.1224475920679886,0.1067903565072002,0.0726498031389892,68603,0.0468151663880049,6,False,Second Harvest Northland,0.9861111111111112
Jackson,27063,292.25,1045.0,25887.0,635.8333333333334,9933,29.422128259337562,0.0860061287027579,0.051743788465922,0.0697515386368817,75743,0.0389788010029633,9,False,Second Harvest Heartland,1.0
Kanabec,27065,395.25,1008.6666666666666,21442.75,1254.1666666666667,16390,24.115314215985357,0.1001610505450941,0.0950639853747714,0.0655088360755636,71460,0.0342778793418647,8,False,Second Harvest Northland,1.0
Kandiyohi,27067,813.5833333333334,2617.0,48207.666666666664,3313.3333333333335,44079,18.457390896647688,0.0910797469234512,0.1052093393171618,0.0595353064818496,76592,0.0546497756064307,4,False,Second Harvest Heartland,1.0
Kittson,27069,139.33333333333334,336.0,8236.8175,233.33333333333334,4084,34.11687887691806,0.0913924050632911,0.0507328072153325,0.068771138669673,76100,0.0326944757609921,9,False,North Country Food Bank,1.0
Koochiching,27071,652.5,1208.5,30841.084166666667,985.8333333333334,11833,55.142398377419084,0.108695652173913,0.1442438692098092,0.039850136239782,66940,0.089066757493188,7,False,Second Harvest Northland,1.0
Lac qui Parle,27073,50.25,100.33333333333333,3898.1666666666665,437.5,6682,7.5202035318766836,0.0813543741381951,0.0875512995896032,0.063953488372093,74432,0.0341997264021887,9,False,Second Harvest Heartland,1.0
Lake,27075,302.75,669.75,19810.899999999998,740.8333333333334,10879,27.828844562919386,0.085634066448292,0.0861999190611088,0.065965196276811,75541,0.0354107648725212,8,False,Second Harvest Northland,1.0
Lake of the Woods,27077,75.91666666666667,158.25,4454.6866666666665,239.16666666666666,3821,19.868271831108785,0.0635256749602964,0.0297193175564116,0.0605393505778756,77546,0.0236653824986241,9,False,North Country Food Bank,1.0
Le Sueur,27079,713.3333333333334,2015.9166666666667,45135.5,1808.3333333333333,29113,24.502226954739577,0.0644445215219728,0.0739055793991416,0.0485836909871244,94968,0.035450643776824,1,True,Second Harvest Heartland,1.0
Lincoln,27081,111.58333333333333,162.0,3152.3333333333335,396.6666666666667,5603,19.91492652745553,0.1194690265486725,0.0699386503067484,0.0957055214723926,69694,0.0331288343558282,9,False,Second Harvest Heartland,1.0
Lyon,27083,479.25,1331.6666666666667,32840.0,1936.6666666666667,25503,18.79190683449006,0.1217394815472825,0.093984962406015,0.0853779184804115,75303,0.0825089038385437,7,False,Second Harvest Heartland,1.0
Mahnomen,27087,247.66666666666666,549.5833333333334,12152.333333333334,525.0,5358,46.223715316660446,0.1833969465648855,0.2137931034482758,0.0827586206896551,59441,0.0896551724137931,8,False,North Country Food Bank,0.9583333333333334
Marshall,27089,131.5,322.75,8576.473333333333,600.8333333333334,8909,14.760354697496913,0.0830197285893488,0.0650621528696112,0.0560698227982015,72543,0.0460195715419201,8,False,North Country Food Bank,1.0
Martin,27091,495.0833333333333,1269.75,36248.25,1773.3333333333333,19780,25.02949106841928,0.1312919248297404,0.1234302522909831,0.0812309084738092,59507,0.0994456386469057,6,False,Second Harvest Heartland,1.0
McLeod,27085,1128.1666666666667,2861.0833333333335,53496.416666666664,2572.5,36798,30.658369114263458,0.0866511833665118,0.0778179428195859,0.0685507722642129,80084,0.0335852776864935,4,False,Second Harvest Heartland,1.0
Meeker,27093,440.0,1117.25,26310.75,1615.8333333333333,23468,18.748934719618205,0.0907398588683492,0.0843051246389215,0.0585214507328554,75446,0.0423665347170215,6,False,Second Harvest Heartland,1.0
Mille Lacs,27095,688.9166666666666,1705.5,42332.166666666664,2140.8333333333335,27125,25.397849462365592,0.1038454323766647,0.1096326836581709,0.0621251874062968,72729,0.0546289355322338,1,True,Second Harvest Northland,1.0
Morrison,27097,616.5,1559.5,45638.916666666664,2537.5,34249,18.000525562790155,0.1095037647477322,0.0825049701789264,0.0819369497301902,69446,0.0484947458108491,6,False,Second Harvest Heartland,1.0
Mower,27099,1511.1666666666667,4528.25,54832.025,2875.8333333333335,40343,37.457964620049744,0.1039469035481754,0.1063044722946752,0.062026846491507,73074,0.0521661683313187,4,False,Channel One Regional Food Bank*,1.0
Murray,27101,141.33333333333334,400.5,9935.0,548.3333333333334,8097,17.45502449466881,0.0931832395247029,0.0615128844555278,0.0712108617345525,74033,0.0446106954835134,9,False,Second Harvest Heartland,1.0
Nicollet,27103,236.08333333333334,788.9166666666666,17038.333333333332,2240.0,34411,6.860693770402875,0.0800839362335181,0.0603753268727888,0.0522996462082756,79756,0.0405322258114136,3,True,Second Harvest Heartland,1.0
Nobles,27105,341.1666666666667,1360.5,20360.583333333332,1948.3333333333333,22041,15.478729035282731,0.1400027750797835,0.0897836851707062,0.0903049257232212,66101,0.0551211884284597,7,False,Second Harvest Heartland,1.0
Norman,27107,45.5,149.41666666666666,2821.4,449.1666666666667,6367,7.146222710852835,0.1012373453318335,0.1088888888888888,0.0677777777777777,72260,0.0507407407407407,8,False,North Country Food Bank,0.9583333333333334
Olmsted,27109,10776.166666666666,30279.5,623988.3975,9619.166666666666,164498,65.50940842239217,0.0749882550750438,0.0679936638871454,0.0508682267850204,95406,0.0687259033443916,3,True,Channel One Regional Food Bank*,0.921969696969697
Otter Tail,27111,1032.4166666666667,2689.6666666666665,78905.58666666667,4211.666666666667,60475,17.071792751825825,0.087264468371467,0.064713598600787,0.0732599276543308,72255,0.0559685177087888,6,False,North Country Food Bank,0.9880952380952381
Pennington,27113,245.41666666666666,974.6666666666666,35453.333333333336,1125.8333333333333,13791,17.795422135208952,0.1046253879119255,0.0723376832608345,0.0757209602062187,77325,0.0573545996455614,6,False,North Country Food Bank,1.0
Pine,27115,731.0833333333334,1744.5,36610.333333333336,2444.1666666666665,29640,24.665429599640127,0.1112726499060317,0.1090643512131786,0.0807433254889231,71146,0.0630528280451188,8,False,Second Harvest Heartland,1.0
Pipestone,27117,425.5833333333333,1315.25,35878.5,670.8333333333334,9284,45.84051414620135,0.1052747252747252,0.1080332409972299,0.0528834046839587,69628,0.0601863510450768,8,False,Second Harvest Heartland,1.0
Polk,27119,658.25,1815.75,53354.40666666667,2321.6666666666665,30705,21.43787656733431,0.1187576126674786,0.0995145631067961,0.0783980582524271,73107,0.0737055016181229,3,True,North Country Food Bank,0.9861111111111112
Pope,27121,71.25,160.75,9526.666666666666,746.6666666666666,11418,6.2401471361008936,0.0942874966580518,0.0713997579669221,0.072206534893102,76220,0.0597014925373134,8,False,North Country Food Bank,1.0
Ramsey,27123,21062.416666666668,69556.33333333333,1179208.0,41574.166666666664,542945,38.792910270223814,0.1233821820346381,0.1143692364691158,0.063760860627036,81568,0.1023779294889462,1,True,Second Harvest Heartland,1.0
Red Lake,27125,99.58333333333333,215.41666666666666,5441.653333333333,250.83333333333334,3915,25.43635589612601,0.0719959005892902,0.0532615200478755,0.0682226211849192,77188,0.0341113105924596,8,False,North Country Food Bank,1.0
Redwood,27127,271.0833333333333,987.8333333333334,28760.416666666668,1160.8333333333333,15350,17.66015200868621,0.1326645851325317,0.0980454473224217,0.0942316860003178,67866,0.0597489273796281,9,False,Second Harvest Heartland,1.0
Renville,27129,966.5833333333334,2654.3333333333335,40529.833333333336,1102.5,14558,66.39533818747998,0.1104165203343401,0.0858652575957727,0.0660501981505944,70625,0.0574636723910171,9,False,Second Harvest Heartland,1.0
Rice,27131,4656.166666666667,14918.583333333334,252763.0,4369.166666666667,67917,68.55671874003073,0.1020418310185952,0.0786191631549823,0.0652534797599284,83181,0.0559741199506235,4,False,Channel One Regional Food Bank*,1.0
Rock,27133,154.5,540.5833333333334,8565.25,589.1666666666666,9621,16.058621764889303,0.1061928069802085,0.0693928128872366,0.0867410161090458,71295,0.0582403965303593,2,True,Second Harvest Heartland,1.0
Roseau,27135,183.58333333333334,567.3333333333334,10286.666666666666,1050.0,15302,11.997342395329587,0.1216243115917988,0.0547966963151207,0.1005400254129606,74474,0.0605146124523507,9,False,North Country Food Bank,1.0
Scott,27139,630.4166666666666,2133.6666666666665,44599.916666666664,6440.0,154557,4.07886195168557,0.0460258985650441,0.0448054428698768,0.0385294064142911,119314,0.0310527368976369,1,True,Second Harvest Heartland,1.0
Sherburne,27141,3039.5833333333335,9488.583333333334,164585.16666666666,4882.5,100560,30.22656457173164,0.0509319792015081,0.0500632822387849,0.046378849669526,105466,0.0415412740824075,1,True,Second Harvest Heartland,1.0
Sibley,27143,296.75,842.5,24491.0,1079.1666666666667,15005,19.776741086304565,0.0900943396226415,0.0826446280991735,0.0617304773148929,77634,0.040984989036937,8,False,Second Harvest Heartland,1.0
St. Louis,27137,5602.25,13719.166666666666,425407.9166666667,16094.166666666666,200123,27.994033669293387,0.1321018983187501,0.1019916202720541,0.0867359237789129,70069,0.0798369970728347,2,True,Second Harvest Northland,0.9065563725490197
Stearns,27145,3540.25,11517.833333333334,321277.1666666667,11474.166666666666,160865,22.007583999005377,0.1289294941110197,0.0945719264531049,0.0897187433838737,77066,0.059720209110304,3,True,Second Harvest Heartland,0.9930555555555555
Steele,27147,4932.666666666667,15097.416666666666,207374.28333333333,2391.6666666666665,37439,131.75209451819407,0.0833378444215882,0.0765622935658607,0.0533095521204914,84196,0.0618972123133835,5,False,Channel One Regional Food Bank*,1.0
Stevens,27149,110.91666666666667,330.75,4994.333333333333,740.8333333333334,9739,11.38891741109628,0.1112911939492166,0.0982257649781434,0.0987400359989714,75733,0.0498842890203137,7,False,North Country Food Bank,0.75
Swift,27151,152.83333333333334,427.5,6331.833333333333,892.5,9748,15.678429763370264,0.1202677264170675,0.1225430720698859,0.0674593545256005,60412,0.0708565882067459,9,False,Second Harvest Heartland,1.0
Todd,27153,376.0833333333333,1131.1666666666667,27720.0,1878.3333333333333,25575,14.705115672857607,0.1149881046788263,0.0727789205602899,0.0884513664413752,67662,0.0647467920462337,8,False,Second Harvest Heartland,1.0
Traverse,27155,63.25,152.58333333333334,3590.75,250.83333333333334,3243,19.50354609929078,0.1133397007322508,0.1693363844393592,0.0602593440122044,62989,0.0579710144927536,9,False,North Country Food Bank,1.0
Wabasha,27157,856.9166666666666,2502.9166666666665,62923.549166666664,1213.3333333333333,21565,39.736455676636524,0.0707061247424611,0.0553735255570118,0.0658584534731323,82007,0.051660113586719,3,True,Channel One Regional Food Bank*,1.0
Wadena,27159,248.25,714.4166666666666,16581.674166666668,1160.8333333333333,14256,17.413720538720536,0.1247575953458306,0.1427396809735241,0.0777832593323466,61467,0.0763032395987502,9,False,North Country Food Bank,1.0
Waseca,27161,609.25,1287.0,24075.666666666668,1201.6666666666667,18885,32.26105374635954,0.07500980337236,0.0880032098435201,0.0775712184031028,76261,0.0488163702019526,6,False,Channel One Regional Food Bank*,1.0
Washington,27163,24896.0,93033.33333333333,863761.5,13113.333333333334,276238,90.12518190835439,0.0512363155562229,0.0408422288945509,0.0438068897581859,115345,0.0379343985906021,1,True,Second Harvest Heartland,1.0
Watonwan,27165,419.6666666666667,1788.25,28847.75,974.1666666666666,11205,37.45351777480292,0.1319048910586746,0.0943931866572036,0.0858765081618169,71699,0.0792524248876271,8,False,Second Harvest Heartland,1.0
Winona,27169,1219.6666666666667,2873.5833333333335,58694.416666666664,3564.1666666666665,49779,24.501630540321553,0.1480205435480419,0.0689774354416629,0.1023552066360539,70744,0.0531773070656199,4,False,Channel One Regional Food Bank*,1.0
Wright,27171,2269.3333333333335,7132.083333333333,197087.16666666666,6842.5,148269,15.305514526524988,0.0517532957069214,0.0437326421033142,0.0422699500092575,107209,0.0299944454730605,1,True,Second Harvest Heartland,1.0
Yellow Medicine,27173,183.83333333333334,446.25,13930.75,606.6666666666666,9451,19.45120445808204,0.0855672313960969,0.0739557739557739,0.0606879606879606,74000,0.0459459459459459,9,False,Second Harvest Heartland,1.0
