County,fips,visits,individuals,pounds,need_people_month,population,visits_per_1000,poverty_rate,snap_hh_rate,poor_no_snap_rate,med_income,no_vehicle_rate,rucc,metro,main_food_bank,report_share,food_insecure_people,food_insecurity_rate,benchmark_use_rate,expected_unscaled,expected_visits,coverage_ratio,alt_use_rate,alt_expected_unscaled,alt_expected_visits,alt_coverage_ratio,baseline_rank,alternative_rank,rank_change
Aitkin,27001,330.9166666666667,719.4166666666666,18017.975,1411.6666666666667,16056,20.610156120245808,0.1311299292214358,0.0894489061201883,0.0959567986707283,60833,0.0497092218222099,8,False,Second Harvest Northland,0.9694444444444444,2420.0,0.15072247135027403,0.1312456402590932,2107.28,739.7390529186501,0.44734243157912323,0.12536123567513702,2012.8,788.6942031231744,0.4195753757999737,32.0,29.0,3.0
Anoka,27003,19465.08333333333,72999.08333333333,774816.8333333334,19215.0,370349,52.55875764031584,0.0701941313684026,0.071664532277781,0.0487732114791314,101869,0.0464593398917282,1,True,Second Harvest Heartland,0.9513888888888888,32940.0,0.08894313201871748,0.11024066488636394,40827.52,14332.08257935217,1.3581475843138198,0.09447156600935874,34987.450000000004,13709.458961179407,1.4198287028286032,80.0,80.0,0.0
Becker,27005,543.75,1736.75,51284.91666666666,2776.6666666666665,35343,15.38494185553009,0.1290062255014987,0.1157529493407356,0.0646079111727966,71388,0.0578070784177654,6,False,North Country Food Bank,1.0,4760.0,0.13468013468013468,0.1257912457912458,4445.84,1560.6665801544416,0.34840881897156484,0.11734006734006734,4147.15,1625.0164767896822,0.33461199179605294,13.0,13.0,0.0
Beltrami,27007,1250.3333333333333,3717.3333333333335,86149.17916666667,4083.3333333333335,46512,26.88195161105378,0.1613795274174329,0.1346577151661897,0.0822694254897644,68975,0.0588817961699317,7,False,North Country Food Bank,0.6416666666666667,7000.0,0.15049879600963192,0.13116959064327485,6100.96,2141.67949788095,0.5838097318345044,0.12524939800481596,5825.6,2282.6991999773277,0.5477433616070623,49.0,45.0,4.0
Benton,27009,673.0833333333334,1693.75,36775.41666666666,3062.5,41593,16.1826108559934,0.0986573406050527,0.0856510556851486,0.0613673066570967,74410,0.0612476822776481,3,True,Second Harvest Heartland,1.0,5250.0,0.12622316255139085,0.12291587526747288,5112.44,1794.6696802054892,0.37504580411491967,0.11311158127569543,4704.65,1843.4669031813603,0.36511820861647193,16.0,16.0,0.0
Big Stone,27011,86.08333333333333,270.5,6464.583333333333,402.5,5127,16.790195695988555,0.1293881644934804,0.0950374531835206,0.0632022471910112,70400,0.0444756554307116,9,False,Second Harvest Heartland,1.0,690.0,0.13458162668227033,0.12575775307197193,644.7600000000001,226.33639182255274,0.3803335939048745,0.11729081334113517,601.35,235.63258100562447,0.36532865262498887,17.0,17.0,0.0
Blue Earth,27013,3745.8333333333335,12674.166666666666,304362.0833333333,5360.833333333333,69871,53.61070162633043,0.1567183364839319,0.0875172064044048,0.1134898210533942,74477,0.066000144896037,3,True,Second Harvest Heartland,1.0,9190.0,0.13152810178757998,0.1247195546077772,8714.28,3059.0587079400625,1.2245052125383162,0.11576405089379,8088.550000000001,3169.4120114626157,1.1818701133793936,79.0,79.0,0.0
Brown,27015,293.0833333333333,764.9166666666666,29412.08333333333,1650.8333333333333,25800,11.359819121447028,0.084676604855977,0.0650222181917112,0.0765394032828511,69378,0.0485172757776367,6,False,Second Harvest Heartland,1.0,2830.0,0.10968992248062015,0.11729457364341087,3026.2000000000003,1062.316503712093,0.2758907842523401,0.10484496124031008,2705.0,1059.9253872457207,0.2765131742857182,7.0,7.0,0.0
Carlton,27017,655.0,1509.3333333333333,39634.05833333333,2759.1666666666665,36518,17.936360151158333,0.1189445118078411,0.073527324343506,0.0667849538679914,80573,0.0565649396735273,2,True,Second Harvest Northland,0.9791666666666666,4730.0,0.12952516567172354,0.12403855632838601,4529.64,1590.0837115439972,0.41192799803224467,0.11476258283586177,4190.900000000001,1642.1594474706437,0.39886504383534244,24.0,22.0,2.0
Carver,27019,2072.5,7313.75,161709.91666666666,4999.166666666667,110041,18.833889186757663,0.0442165943033385,0.0365270188221007,0.0375227686703096,125946,0.0379113539769277,1,True,Second Harvest Heartland,1.0,8570.0,0.07788006288565172,0.10647922138112159,11717.080000000002,4113.16088140734,0.5038703954830192,0.08894003144282586,9787.050000000001,3834.951113213764,0.5404240989823739,40.0,44.0,4.0
Cass,27021,1330.4166666666667,3861.8333333333335,77962.505,2385.833333333333,30992,42.92774479435553,0.1280635252597869,0.1158148205685878,0.0820257884107503,68874,0.0419450054373155,9,False,Second Harvest Northland,1.0,4089.9999999999995,0.1319695405265875,0.12486964377903975,3869.96,1358.509806590989,0.9793206204415863,0.11598477026329375,3594.6,1408.5056550807644,0.9445589812632879,73.0,72.0,1.0
Chippewa,27023,246.16666666666663,689.3333333333334,10028.083333333334,1055.8333333333333,12377,19.88904150171016,0.145328146983365,0.0983222785797893,0.07530238002341,71458,0.0692547795552087,7,False,Second Harvest Heartland,1.0,1810.0,0.14623899167811263,0.1297212571705583,1605.56,563.6153875156922,0.43676356628892227,0.12311949583905632,1523.8500000000001,597.1043627927511,0.41226740584394056,29.0,26.0,3.0
Chisago,27025,1191.25,2667.5,68218.83333333333,3050.833333333333,57991,20.541980652170164,0.0595158155151086,0.0525650627223366,0.042267365661861,99400,0.0390376334019846,1,True,Second Harvest Heartland,1.0,5230.0,0.09018640823576073,0.11066337880015865,6417.4800000000005,2252.7906008334817,0.5287886053676113,0.09509320411788036,5514.55,2160.817576427316,0.551295959916064,42.0,47.0,5.0
Clay,27027,2234.25,5678.666666666667,82320.41666666667,4946.666666666667,66059,33.822037875232745,0.1326490202601023,0.0992738824597231,0.0966643975493533,81172,0.0906890552908252,3,True,North Country Food Bank,0.8281440781440782,8480.0,0.12837009340135333,0.12364583175646013,8167.92,2867.264627916224,0.7792269950415196,0.11418504670067667,7542.95,2955.6244730961585,0.7559316213333137,63.0,63.0,0.0
Clearwater,27029,194.33333333333331,497.5833333333333,12920.583333333334,758.3333333333334,8616,22.55493655215104,0.1257563174753826,0.1311769991015274,0.088649296196466,64475,0.0922431865828092,8,False,North Country Food Bank,1.0,1300.0,0.15088207985143917,0.13129990714948933,1131.28,397.1242529639205,0.4893514608663019,0.1254410399257196,1080.8,423.49994770246764,0.4588745155403498,38.0,34.0,4.0
Cook,27031,236.41666666666663,518.1666666666666,13072.166666666666,396.6666666666667,5635,41.9550428867199,0.1016827783745077,0.0413284132841328,0.0571955719557195,72638,0.0254612546125461,9,False,Second Harvest Northland,1.0,680.0,0.12067435669920142,0.1210292812777285,682.0000000000001,239.40911226344838,0.9875007030079589,0.11033717834960072,621.75,243.62610333457556,0.9704077823795092,74.0,73.0,1.0
Cottonwood,27033,323.5,1052.5833333333333,18583.0,950.8333333333334,11458,28.23354861232327,0.1500089237908263,0.0943844492440604,0.0883369330453563,72941,0.0587473002159827,9,False,Second Harvest Heartland,1.0,1630.0,0.14225868388898585,0.1283679525222552,1470.84,516.3233118498099,0.6265454078395378,0.12112934194449293,1387.9,543.8338058995696,0.5948508468775497,54.0,51.0,3.0
Crow Wing,27035,1993.5833333333333,4707.583333333333,115260.53250000002,5104.166666666667,67686,29.45340740084114,0.0986731508165225,0.0867968165430923,0.0692129787089313,72589,0.0488062036596149,4,False,Second Harvest Northland,1.0,8750.0,0.12927340956770972,0.1239529592530213,8389.88,2945.181411725601,0.6768966167572271,0.11463670478385486,7759.3,3040.3989121093236,0.6556979498293052,58.0,58.0,0.0
Dakota,27037,10095.916666666666,29776.08333333333,744652.8333333334,24476.666666666668,445771,22.648213245515446,0.0584737609921998,0.048628714972299,0.0465009577774973,106318,0.0494087014372397,1,True,Second Harvest Heartland,0.9539473684210528,41960.0,0.09412904832301787,0.11200387642982608,49928.08,17526.740923487432,0.576029320610155,0.09706452416150893,43268.549999999996,16954.31963560474,0.5954775469411844,48.0,52.0,4.0
Dodge,27039,796.6666666666666,2187.9166666666665,34373.416666666664,1143.3333333333333,21045,37.85538924526807,0.0704013944705369,0.0606210565384139,0.0403315600643325,95739,0.0378572312260299,3,True,Channel One Regional Food Bank*,1.0,1960.0,0.09313376098835828,0.11166547873604182,2350.0,824.943422022146,0.9657227943145896,0.09656688049417914,2032.25,796.3154780887675,1.0004410168928803,72.0,74.0,2.0
Douglas,27041,468.9166666666667,1337.3333333333333,62812.0,2531.6666666666665,39575,11.848810275847548,0.0897676210039799,0.0595353616073976,0.0748901192990467,79043,0.0502311775786289,6,False,North Country Food Bank,1.0,4340.0,0.1096651926721415,0.1172861655085281,4641.599999999999,1629.3861224076563,0.2877873207694771,0.10483259633607075,4148.75,1625.6434197174433,0.2884498906581679,9.0,9.0,0.0
Faribault,27043,356.9166666666667,833.8333333333334,15231.333333333334,1050.0,13914,25.651621867663263,0.1036835926034634,0.1006744530350386,0.0789603553215989,66815,0.0493502220759993,8,False,Channel One Regional Food Bank*,0.9444444444444444,1800.0,0.129366106080207,0.12398447606727038,1725.1200000000001,605.5857005101466,0.5893743302822365,0.1146830530401035,1595.7,625.2580186425126,0.5708310105987326,50.0,49.0,1.0
Fillmore,27045,391.8333333333333,935.1666666666666,20347.59083333333,1248.3333333333333,21414,18.2979981943277,0.0838595484117872,0.0667201650808208,0.0645420153616875,77512,0.057778287286484,3,True,Channel One Regional Food Bank*,1.0,2140.0,0.09993462220976931,0.11397777155132158,2440.7200000000003,856.7897485097415,0.4573272894719728,0.09996731110488466,2140.7000000000003,838.810453411059,0.4671297689959944,33.0,36.0,3.0
Freeborn,27047,968.0,2552.083333333333,45069.5,2280.833333333333,30623,31.61022760670085,0.1062506237317454,0.0949711972598474,0.0716176241631636,71023,0.0581503970107426,7,False,Channel One Regional Food Bank*,1.0,3909.9999999999995,0.12768180779152924,0.12341181464911995,3779.2400000000002,1326.6634801033938,0.7296499937757831,0.11384090389576462,3486.15,1366.0106797584729,0.7086328198921212,62.0,60.0,2.0
Goodhue,27049,1333.8333333333333,3192.833333333333,65232.03333333333,3033.333333333333,47943,27.82123215763163,0.0927725446001403,0.0755816900694479,0.07406093171795,84171,0.0680792822020581,6,False,Channel One Regional Food Bank*,0.9833333333333334,5200.0,0.10846213211522016,0.11687712491917486,5603.4400000000005,1967.0301994450103,0.6780949950385454,0.10423106605761008,4997.150000000001,1958.0799071626448,0.6811945357562675,59.0,59.0,0.0
Grant,27051,93.91666666666669,199.75,7137.564166666667,455.0,6127,15.32832816495294,0.1161215725140403,0.0831325301204819,0.0791164658634538,73917,0.0457831325301204,9,False,North Country Food Bank,1.0,780.0,0.12730536967520809,0.12328382568957075,755.36,265.16138862070136,0.35418681111603795,0.11365268483760405,696.35,272.8573173414261,0.34419698757482414,15.0,14.0,1.0
Hennepin,27053,80605.75,246237.41666666663,4228622.166666667,83510.0,1269496,63.494292223055446,0.0995082492532986,0.0811576795250355,0.063361341111006,97653,0.0932431004665491,1,True,The Food Group,0.9224117920576732,143160.0,0.11276916193513016,0.11834151505794427,150234.08000000002,52738.134493425045,1.5284148894202783,0.10638458096756509,135054.80000000002,52919.782325099215,1.5231685857061747,82.0,82.0,0.0
Houston,27055,785.0,1842.8333333333333,27234.3875,1003.3333333333334,18653,42.08438320913526,0.0658130323910802,0.0343004671748217,0.0686009343496434,79825,0.0322104745512662,3,True,Channel One Regional Food Bank*,1.0,1720.0,0.09221036830536643,0.11135152522382459,2077.04,729.1236107561183,1.0766350018290267,0.09610518415268321,1792.6499999999999,702.4307746565771,1.117547847165141,77.0,77.0,0.0
Hubbard,27057,558.4166666666666,1576.0833333333333,53824.333333333336,1633.3333333333333,21831,25.57906951887988,0.1077436396496594,0.1022980812137438,0.0618027666220437,71995,0.0448460508701472,9,False,North Country Food Bank,1.0,2800.0,0.12825798176904402,0.12360771380147498,2698.48,947.2737555141789,0.5894987203182451,0.11412899088452201,2491.55,976.2872822891222,0.5719798637111556,51.0,50.0,1.0
Isanti,27059,1107.6666666666667,3603.25,59638.083333333336,2625.0,42596,26.00400663599086,0.0745304746301968,0.0673909040692321,0.0519241392008838,87440,0.0391579205793899,1,True,Second Harvest Heartland,1.0,4500.0,0.10564372241525026,0.11591886562118509,4937.68,1733.321972787366,0.6390426499269614,0.10282186120762513,4379.8,1716.1778968794115,0.6454264844459174,56.0,56.0,0.0
Itasca,27061,1628.4166666666667,4145.916666666667,111833.355,3675.0,45275,35.967237253819256,0.1224475920679886,0.1067903565072002,0.0726498031389892,68603,0.0468151663880049,6,False,Second Harvest Northland,0.9611111111111112,6300.0,0.13914964108227498,0.1273108779679735,5764.0,2023.3931423555955,0.8047949914325079,0.1195748205411375,5413.75,2121.320171978381,0.7676430404883089,66.0,65.0,1.0
Jackson,27063,292.25,1045.0,25887.0,635.8333333333334,9933,29.42212825933756,0.0860061287027579,0.051743788465922,0.0697515386368817,75743,0.0389788010029633,9,False,Second Harvest Heartland,1.0,1090.0,0.10973522601429578,0.11730997684486057,1165.24,409.0455630115257,0.714468084798087,0.10486761300714789,1041.65,408.1594379388189,0.7160192141478959,60.0,62.0,2.0
Kanabec,27065,395.25,1008.6666666666666,21442.75,1254.1666666666667,16390,24.11531421598536,0.1001610505450941,0.0950639853747714,0.0655088360755636,71460,0.0342778793418647,8,False,Second Harvest Northland,0.9722222222222222,2150.0,0.13117754728492984,0.12460036607687615,2042.2,716.8933857249475,0.551337211181422,0.11558877364246492,1894.5,742.339610401855,0.5324382458670595,45.0,43.0,2.0
Kandiyohi,27067,813.5833333333334,2617.0,48207.66666666666,3313.333333333333,44079,18.457390896647688,0.0910797469234512,0.1052093393171618,0.0595353064818496,76592,0.0546497756064307,4,False,Second Harvest Heartland,1.0,5680.0,0.1288595476303909,0.12381224619433291,5457.52,1915.8064785337458,0.4246688496199292,0.11442977381519545,5043.950000000001,1976.4179877996503,0.41164537985160576,27.0,25.0,2.0
Kittson,27069,139.33333333333334,336.0,8236.8175,233.33333333333331,4084,34.11687887691806,0.0913924050632911,0.0507328072153325,0.068771138669673,76100,0.0326944757609921,9,False,North Country Food Bank,1.0,400.0,0.0979431929480901,0.11330068560235064,462.72,162.4331149949308,0.8577889633999917,0.09897159647404505,404.2,158.38145712558975,0.8797326142974423,68.0,70.0,2.0
Koochiching,27071,652.5,1208.5,30841.084166666667,985.8333333333334,11833,55.142398377419084,0.108695652173913,0.1442438692098092,0.039850136239782,66940,0.089066757493188,7,False,Second Harvest Northland,0.9285714285714284,1690.0,0.14282092453308545,0.12855911434124906,1521.24,534.0157154540295,1.2218741529829942,0.12141046226654273,1436.65,562.9359732297836,1.159101622616783,78.0,78.0,0.0
Lac qui Parle,27073,50.25,100.33333333333331,3898.1666666666665,437.5,6682,7.5202035318766836,0.0813543741381951,0.0875512995896032,0.063953488372093,74432,0.0341997264021887,9,False,Second Harvest Heartland,1.0,750.0,0.11224184375935349,0.11816222687818019,789.5600000000001,277.166948209279,0.1812986733254284,0.10612092187967676,709.1,277.8532687970206,0.18085085058585004,5.0,5.0,0.0
Lake,27075,302.75,669.75,19810.9,740.8333333333334,10879,27.828844562919382,0.085634066448292,0.0861999190611088,0.065965196276811,75541,0.0354107648725212,8,False,Second Harvest Northland,1.0,1270.0,0.11673867083371633,0.11969114808346357,1302.1200000000001,457.09588454616033,0.6623336814782161,0.10836933541685817,1178.95,461.9589779272985,0.6553612213759069,57.0,57.0,0.0
Lake of the Woods,27077,75.91666666666667,158.25,4454.6866666666665,239.16666666666663,3821,19.868271831108785,0.0635256749602964,0.0297193175564116,0.0605393505778756,77546,0.0236653824986241,9,False,North Country Food Bank,1.0,409.99999999999994,0.1073017534676786,0.11648259617901073,445.08,156.24077373345392,0.4858953578672119,0.1036508767338393,396.04999999999995,155.1879665873078,0.48919170948706525,37.0,39.0,2.0
Le Sueur,27079,713.3333333333334,2015.9166666666667,45135.5,1808.3333333333333,29113,24.502226954739577,0.0644445215219728,0.0739055793991416,0.0485836909871244,94968,0.035450643776824,1,True,Second Harvest Heartland,1.0,3100.0,0.1064816405042421,0.11620375777144232,3383.04,1187.5815295480004,0.6006605151604468,0.10324082025212106,3005.6500000000005,1177.731881765287,0.6056839798410886,52.0,54.0,2.0
Lincoln,27081,111.58333333333331,162.0,3152.333333333333,396.6666666666667,5603,19.91492652745553,0.1194690265486725,0.0699386503067484,0.0957055214723926,69694,0.0331288343558282,9,False,Second Harvest Heartland,1.0,680.0,0.12136355523826521,0.12126360878101017,679.4399999999999,238.51045049307524,0.4678341477392537,0.11068177761913262,620.1500000000001,242.99916040681472,0.45919225871615005,35.0,35.0,0.0
Lyon,27083,479.25,1331.6666666666667,32840.0,1936.6666666666667,25503,18.79190683449006,0.1217394815472825,0.093984962406015,0.0853779184804115,75303,0.0825089038385437,7,False,Second Harvest Heartland,1.0,3320.0,0.1301807630474846,0.12426145943614478,3169.0400000000004,1112.4590221808774,0.4308023850267067,0.1150903815237423,2935.15,1150.1072090108235,0.4167002834563485,28.0,28.0,0.0
Mahnomen,27087,247.66666666666663,549.5833333333334,12152.333333333334,525.0,5358,46.223715316660446,0.1833969465648855,0.2137931034482758,0.0827586206896551,59441,0.0896551724137931,8,False,North Country Food Bank,0.7638888888888888,900.0,0.167973124300112,0.13711086226203809,734.6400000000001,257.8878449167444,0.9603658006705296,0.133986562150056,717.9000000000001,281.30145489970533,0.8804315169822681,71.0,71.0,0.0
Marshall,27089,131.5,322.75,8576.473333333333,600.8333333333334,8909,14.760354697496911,0.0830197285893488,0.0650621528696112,0.0560698227982015,72543,0.0460195715419201,8,False,North Country Food Bank,1.0,1030.0,0.11561342462678191,0.11930856437310586,1062.92,373.1271753769274,0.35242675601733026,0.10780671231339095,960.4499999999999,376.3420843549547,0.3494161441588156,14.0,15.0,1.0
Martin,27091,495.0833333333333,1269.75,36248.25,1773.3333333333333,19780,25.02949106841928,0.1312919248297404,0.1234302522909831,0.0812309084738092,59507,0.0994456386469057,6,False,Second Harvest Heartland,1.0,3040.0,0.15369059656218403,0.13225480283114258,2616.0,918.3199965999719,0.5391185372923942,0.12684529828109203,2509.0000000000005,983.1248785950144,0.5035813294043152,43.0,40.0,3.0
McLeod,27085,1128.1666666666667,2861.083333333333,53496.41666666666,2572.5,36798,30.658369114263454,0.0866511833665118,0.0778179428195859,0.0685507722642129,80084,0.0335852776864935,4,False,Second Harvest Heartland,1.0,4410.0,0.11984346975379097,0.12074677971628894,4443.240000000001,1559.7538767939066,0.7232978763198379,0.1099217348768955,4044.9000000000005,1584.9509053124646,0.7117991244304535,61.0,61.0,0.0
Meeker,27093,440.0,1117.25,26310.75,1615.8333333333333,23468,18.748934719618205,0.0907398588683492,0.0843051246389215,0.0585214507328554,75446,0.0423665347170215,6,False,Second Harvest Heartland,1.0,2770.0,0.11803306630305097,0.12013124254303734,2819.2400000000002,989.6653162134958,0.4445947461142317,0.10901653315152549,2558.4,1002.4817414896311,0.43891073701370853,31.0,32.0,1.0
Mille Lacs,27095,688.9166666666666,1705.5,42332.16666666666,2140.833333333333,27125,25.397849462365592,0.1038454323766647,0.1096326836581709,0.0621251874062968,72729,0.0546289355322338,1,True,Second Harvest Northland,1.0,3669.9999999999995,0.13529953917050688,0.12600184331797235,3417.7999999999997,1199.783671398847,0.5742007355904816,0.11764976958525344,3191.2499999999995,1250.4572613855473,0.550931797463693,47.0,46.0,1.0
Morrison,27097,616.5,1559.5,45638.91666666666,2537.5,34249,18.000525562790155,0.1095037647477322,0.0825049701789264,0.0819369497301902,69446,0.0484947458108491,6,False,Second Harvest Heartland,1.0,4350.0,0.12701100762066045,0.12318374259102455,4218.92,1481.008639164967,0.41627036041302196,0.11350550381033023,3887.45,1523.2558028274962,0.4047251937958425,26.0,24.0,2.0
Mower,27099,1511.1666666666667,4528.25,54832.025,2875.833333333333,40343,37.457964620049744,0.1039469035481754,0.1063044722946752,0.062026846491507,73074,0.0521661683313187,4,False,Channel One Regional Food Bank*,1.0,4930.0,0.12220211684802816,0.12154871972832958,4903.64,1721.3725795594366,0.8778847093366798,0.11110105842401408,4482.15,1756.2826522896144,0.8604347738085342,69.0,69.0,0.0
Murray,27101,141.33333333333334,400.5,9935.0,548.3333333333334,8097,17.45502449466881,0.0931832395247029,0.0615128844555278,0.0712108617345525,74033,0.0446106954835134,9,False,Second Harvest Heartland,1.0,940.0,0.11609237989378782,0.11947140916388786,967.36,339.5818164797205,0.4161981780958335,0.10804618994689391,874.85,342.8006377197482,0.412290170384334,25.0,27.0,2.0
Nicollet,27103,236.08333333333331,788.9166666666666,17038.333333333332,2240.0,34411,6.860693770402875,0.0800839362335181,0.0603753268727888,0.0522996462082756,79756,0.0405322258114136,3,True,Second Harvest Heartland,1.0,3840.0,0.11159222341693063,0.11794135596175642,4058.48,1424.6878210248676,0.16570881694173795,0.10579611170846531,3640.5499999999997,1426.5106722873968,0.16549706771893677,3.0,4.0,1.0
Nobles,27105,341.1666666666667,1360.5,20360.58333333333,1948.3333333333333,22041,15.478729035282733,0.1400027750797835,0.0897836851707062,0.0903049257232212,66101,0.0551211884284597,7,False,Second Harvest Heartland,1.0,3340.0,0.15153577423891837,0.13152216324123225,2898.88,1017.6221222261952,0.33525869693193716,0.1257678871194592,2772.0499999999997,1086.1982143121995,0.3140924576852666,11.0,11.0,0.0
Norman,27107,45.5,149.41666666666666,2821.4,449.1666666666667,6367,7.146222710852835,0.1012373453318335,0.1088888888888888,0.0677777777777777,72260,0.0507407407407407,8,False,North Country Food Bank,0.9583333333333334,770.0,0.12093607664520183,0.12111826605936862,771.16,270.7078167347226,0.16807789501175457,0.11046803832260091,703.35,275.60019265037994,0.16509422421819658,4.0,3.0,1.0
Olmsted,27109,10776.166666666666,30279.5,623988.3975,9619.166666666666,164498,65.50940842239217,0.0749882550750438,0.0679936638871454,0.0508682267850204,95406,0.0687259033443916,3,True,Channel One Regional Food Bank*,0.921969696969697,16490.0,0.10024437987087989,0.11408308915609916,18766.44,6587.766482031183,1.635784555518138,0.10012218993543995,16469.9,6453.554578705471,1.6698032898372537,83.0,84.0,1.0
Otter Tail,27111,1032.4166666666667,2689.6666666666665,78905.58666666667,4211.666666666667,60475,17.071792751825825,0.087264468371467,0.064713598600787,0.0732599276543308,72255,0.0559685177087888,6,False,North Country Food Bank,1.0,7220.0,0.11938817693261679,0.12059198015708972,7292.800000000001,2560.0627183502584,0.40327788036848217,0.1096940884663084,6633.750000000001,2599.364154396045,0.39718046620002956,21.0,21.0,0.0
Pennington,27113,245.41666666666663,974.6666666666666,35453.333333333336,1125.8333333333333,13791,17.795422135208952,0.1046253879119255,0.0723376832608345,0.0757209602062187,77325,0.0573545996455614,6,False,North Country Food Bank,1.0,1930.0,0.13994634181712712,0.12758175621782322,1759.48,617.6474264593726,0.3973410333359651,0.11997317090856356,1654.5500000000002,648.3177632042172,0.3785437953353771,20.0,19.0,1.0
Pine,27115,731.0833333333334,1744.5,36610.333333333336,2444.1666666666665,29640,24.665429599640127,0.1112726499060317,0.1090643512131786,0.0807433254889231,71146,0.0630528280451188,8,False,Second Harvest Heartland,1.0,4190.0,0.1413630229419703,0.1280634278002699,3795.8,1332.4766984304945,0.5486650041944194,0.12068151147098516,3577.0,1401.609282875395,0.5216028049083118,44.0,42.0,2.0
Pipestone,27117,425.5833333333333,1315.25,35878.5,670.8333333333334,9284,45.84051414620135,0.1052747252747252,0.1080332409972299,0.0528834046839587,69628,0.0601863510450768,8,False,Second Harvest Heartland,1.0,1150.0,0.12386902197328738,0.12211546747091771,1133.72,397.9807899638074,1.0693564716328043,0.1119345109866437,1039.2,407.19943158068503,1.0451471694871597,76.0,76.0,0.0
Polk,27119,658.25,1815.75,53354.40666666667,2321.6666666666665,30705,21.43787656733431,0.1187576126674786,0.0995145631067961,0.0783980582524271,73107,0.0737055016181229,3,True,North Country Food Bank,0.9861111111111112,3980.0,0.12962058296694348,0.12407099820876079,3809.6,1337.3210470364115,0.4922153894599385,0.11481029148347174,3525.25,1381.3315975556293,0.47653293471663366,39.0,38.0,1.0
Pope,27121,71.25,160.75,9526.666666666666,746.6666666666666,11418,6.2401471361008936,0.0942874966580518,0.0713997579669221,0.072206534893102,76220,0.0597014925373134,8,False,North Country Food Bank,1.0,1280.0,0.11210369591872482,0.11811525661236644,1348.6399999999999,473.4262539046582,0.15049862446865656,0.10605184795936241,1210.9,474.4782445160234,0.150164946071819,2.0,2.0,0.0
Ramsey,27123,21062.416666666668,69556.33333333333,1179208.0,41574.16666666666,542945,38.79291027022381,0.1233821820346381,0.1143692364691158,0.063760860627036,81568,0.1023779294889462,1,True,Second Harvest Heartland,0.9329185853495866,71269.99999999999,0.13126559780456581,0.12463030325355239,67667.4,23753.947453336747,0.8866912208188793,0.11563279890228291,62782.24999999999,24600.554766509296,0.8561764914074467,70.0,68.0,2.0
Red Lake,27125,99.58333333333331,215.41666666666663,5441.653333333333,250.83333333333331,3915,25.43635589612601,0.0719959005892902,0.0532615200478755,0.0682226211849192,77188,0.0341113105924596,8,False,North Country Food Bank,1.0,430.0,0.10983397190293742,0.11734355044699873,459.40000000000003,161.26766301147825,0.6175034193075983,0.10491698595146871,410.75,160.94800473611082,0.6187298407122811,53.0,55.0,2.0
Redwood,27127,271.0833333333333,987.8333333333334,28760.416666666668,1160.8333333333333,15350,17.66015200868621,0.1326645851325317,0.0980454473224217,0.0942316860003178,67866,0.0597489273796281,9,False,Second Harvest Heartland,1.0,1990.0,0.12964169381107493,0.12407817589576547,1904.6000000000001,668.5903155673955,0.4054550701998726,0.11482084690553747,1762.5000000000002,690.6168188615834,0.39252350352571574,22.0,20.0,2.0
Renville,27129,966.5833333333334,2654.333333333333,40529.833333333336,1102.5,14558,66.39533818747998,0.1104165203343401,0.0858652575957727,0.0660501981505944,70625,0.0574636723910171,9,False,Second Harvest Heartland,1.0,1890.0,0.12982552548426982,0.12414067866465174,1807.24,634.4130851128949,1.5235866914083718,0.11491276274213491,1672.9,655.5080149069746,1.4745560868092582,81.0,81.0,0.0
Rice,27131,4656.166666666667,14918.583333333334,252763.0,4369.166666666667,67917,68.55671874003073,0.1020418310185952,0.0786191631549823,0.0652534797599284,83181,0.0559741199506235,4,False,Channel One Regional Food Bank*,1.0,7490.0,0.11028166732924011,0.11749576689194163,7979.96,2801.2831957446147,1.6621549273346503,0.10514083366462006,7140.85,2798.065878563255,1.664066133088155,84.0,83.0,1.0
Rock,27133,154.5,540.5833333333334,8565.25,589.1666666666666,9621,16.058621764889303,0.1061928069802085,0.0693928128872366,0.0867410161090458,71295,0.0582403965303593,2,True,Second Harvest Heartland,1.0,1010.0,0.10497869244361294,0.11569275543082841,1113.0800000000002,390.7353294401746,0.39540831954294897,0.10248934622180647,986.0500000000001,386.37317119912865,0.39987248472895115,19.0,23.0,4.0
Roseau,27135,183.58333333333331,567.3333333333334,10286.666666666666,1050.0,15302,11.997342395329587,0.1216243115917988,0.0547966963151207,0.1005400254129606,74474,0.0605146124523507,9,False,North Country Food Bank,1.0,1800.0,0.1176316821330545,0.11999477192523852,1836.1599999999999,644.5651548000781,0.284817340754752,0.10881584106652725,1665.1,652.4516681341403,0.28137460949151816,8.0,8.0,0.0
Scott,27139,630.4166666666666,2133.6666666666665,44599.91666666666,6440.0,154557,4.07886195168557,0.0460258985650441,0.0448054428698768,0.0385294064142911,119314,0.0310527368976369,1,True,Second Harvest Heartland,0.95,11040.0,0.07142995787961723,0.10428618567906986,16118.16,5658.114922170414,0.1114181446185337,0.08571497893980862,13247.85,5191.028665960525,0.12144349554463828,1.0,1.0,0.0
Sherburne,27141,3039.583333333333,9488.583333333334,164585.16666666666,4882.5,100560,30.22656457173164,0.0509319792015081,0.0500632822387849,0.046378849669526,105466,0.0415412740824075,1,True,Second Harvest Heartland,0.9722222222222222,8370.0,0.08323389021479713,0.10829952267303103,10890.6,3823.033545478461,0.795071059977561,0.09161694510739857,9213.0,3610.015745913059,0.8419861704964807,65.0,67.0,2.0
Sibley,27143,296.75,842.5,24491.0,1079.1666666666667,15005,19.776741086304565,0.0900943396226415,0.0826446280991735,0.0617304773148929,77634,0.040984989036937,8,False,Second Harvest Heartland,1.0,1850.0,0.12329223592135954,0.12191936021326225,1829.4,642.1921260626868,0.4620891287150928,0.11164611796067977,1675.25,656.4288373321233,0.45206728151380393,34.0,33.0,1.0
St. Louis,27137,5602.25,13719.166666666666,425407.9166666667,16094.166666666666,200123,27.994033669293387,0.1321018983187501,0.1019916202720541,0.0867359237789129,70069,0.0798369970728347,2,True,Second Harvest Northland,0.9065563725490196,27590.0,0.13786521289407014,0.12687417238398385,25390.44,8913.053812871478,0.6285443931584599,0.11893260644703507,23801.15,9326.22666567227,0.6006984604631812,55.0,53.0,2.0
Stearns,27145,3540.25,11517.833333333334,321277.1666666667,11474.166666666666,160865,22.007583999005377,0.1289294941110197,0.0945719264531049,0.0897187433838737,77066,0.059720209110304,3,True,Second Harvest Heartland,0.9930555555555556,19670.0,0.12227644298013862,0.12157399061324714,19557.0,6865.284469994514,0.5156741888079153,0.11113822149006931,17878.25,7005.401498900483,0.5053600426122118,41.0,41.0,0.0
Steele,27147,4932.666666666667,15097.416666666666,207374.28333333333,2391.6666666666665,37439,131.75209451819407,0.0833378444215882,0.0765622935658607,0.0533095521204914,84196,0.0618972123133835,5,False,Channel One Regional Food Bank*,1.0,4100.0,0.10951147199444429,0.11723390047811105,4389.12,1540.7556053046133,3.2014594979788895,0.10475573599722215,3921.9500000000003,1536.77425970734,3.2097535701867064,86.0,86.0,0.0
Stevens,27149,110.91666666666669,330.75,4994.333333333333,740.8333333333334,9739,11.38891741109628,0.1112911939492166,0.0982257649781434,0.0987400359989714,75733,0.0498842890203137,7,False,North Country Food Bank,0.75,1270.0,0.13040353219016326,0.12433720094465552,1210.92,425.08105897662006,0.2609306256404316,0.11520176609508163,1121.95,439.62413612581753,0.25229885611858915,6.0,6.0,0.0
Swift,27151,152.83333333333334,427.5,6331.833333333333,892.5,9748,15.678429763370264,0.1202677264170675,0.1225430720698859,0.0674593545256005,60412,0.0708565882067459,9,False,Second Harvest Heartland,1.0,1530.0,0.15695527287648747,0.13336479277800575,1300.0400000000002,456.36572185773224,0.33489222790702433,0.12847763643824373,1252.3999999999999,490.7395767048209,0.31143470098655274,10.0,10.0,0.0
Todd,27153,376.0833333333333,1131.1666666666667,27720.0,1878.3333333333333,25575,14.705115672857607,0.1149881046788263,0.0727789205602899,0.0884513664413752,67662,0.0647467920462337,8,False,Second Harvest Heartland,1.0,3220.0,0.12590420332355817,0.12280742913000978,3140.8,1102.5456595264495,0.34110454300356463,0.11295210166177909,2888.75,1131.9258641057581,0.3322508525153685,12.0,12.0,0.0
Traverse,27155,63.25,152.58333333333334,3590.75,250.83333333333331,3243,19.50354609929078,0.1133397007322508,0.1693363844393592,0.0602593440122044,62989,0.0579710144927536,9,False,North Country Food Bank,1.0,430.0,0.13259327782917052,0.125081714461918,405.64000000000004,142.39576583364396,0.44418455583779637,0.11629663891458526,377.15000000000003,147.78220325313256,0.42799470171425585,30.0,30.0,0.0
Wabasha,27157,856.9166666666666,2502.9166666666665,62923.54916666666,1213.3333333333333,21565,39.73645567663653,0.0707061247424611,0.0553735255570118,0.0658584534731323,82007,0.051660113586719,3,True,Channel One Regional Food Bank*,1.0,2080.0,0.09645258520751217,0.11279387897055415,2432.4,853.869097756029,1.0035691289433553,0.0982262926037561,2118.25,830.0136604559142,1.032412727033884,75.0,75.0,0.0
Wadena,27159,248.25,714.4166666666666,16581.674166666668,1160.8333333333333,14256,17.413720538720536,0.1247575953458306,0.1427396809735241,0.0777832593323466,61467,0.0763032395987502,9,False,North Country Food Bank,1.0,1990.0,0.13959034792368125,0.12746071829405164,1817.0800000000002,637.8673162927664,0.3891875216977867,0.11979517396184063,1707.8,669.1832075187585,0.37097464074222314,18.0,18.0,0.0
Waseca,27161,609.25,1287.0,24075.666666666668,1201.6666666666667,18885,32.26105374635954,0.07500980337236,0.0880032098435201,0.0775712184031028,76261,0.0488163702019526,6,False,Channel One Regional Food Bank*,1.0,2060.0,0.10908128144029654,0.11708763568970082,2211.2,776.2191041597315,0.7848943638916515,0.10454064072014826,1974.25,773.5887969574359,0.7875631115603163,64.0,66.0,2.0
Washington,27163,24896.0,93033.33333333331,863761.5,13113.333333333334,276238,90.1251819083544,0.0512363155562229,0.0408422288945509,0.0438068897581859,115345,0.0379343985906021,1,True,Second Harvest Heartland,0.9652777777777778,22480.0,0.08137910063061563,0.10766889421440931,29742.239999999998,10440.708614554873,2.3845124808189477,0.09068955031530782,25051.9,9816.319707482837,2.536184715033491,85.0,85.0,0.0
Watonwan,27165,419.6666666666667,1788.25,28847.75,974.1666666666666,11205,37.45351777480292,0.1319048910586746,0.0943931866572036,0.0858765081618169,71699,0.0792524248876271,8,False,Second Harvest Heartland,1.0,1670.0,0.14904060687193219,0.13067380633645695,1464.2,513.9924078829048,0.8164841741442085,0.1245203034359661,1395.25,546.7138249739711,0.767616708223259,67.0,64.0,3.0
Winona,27169,1219.6666666666667,2873.583333333333,58694.41666666666,3564.1666666666665,49779,24.501630540321557,0.1480205435480419,0.0689774354416629,0.1023552066360539,70744,0.0531773070656199,4,False,Channel One Regional Food Bank*,1.0,6110.0,0.12274252194700576,0.12173245746198197,6059.72,2127.202618423846,0.5733664748731743,0.11137126097350289,5543.950000000001,2172.337652724922,0.5614535406762156,46.0,48.0,2.0
Wright,27171,2269.333333333333,7132.083333333333,197087.16666666663,6842.5,148269,15.305514526524988,0.0517532957069214,0.0437326421033142,0.0422699500092575,107209,0.0299944454730605,1,True,Second Harvest Heartland,1.0,11730.0,0.07911296359994334,0.10689840762398074,15849.720000000001,5563.881810592701,0.4078687165879228,0.08955648179997167,13278.449999999999,5203.018949453952,0.4361570379388097,23.0,31.0,8.0
Yellow Medicine,27173,183.83333333333331,446.25,13930.75,606.6666666666666,9451,19.45120445808204,0.0855672313960969,0.0739557739557739,0.0606879606879606,74000,0.0459459459459459,9,False,Second Harvest Heartland,1.0,1040.0,0.11004126547455295,0.117414030261348,1109.68,389.54179427639787,0.4719219761125172,0.10502063273727648,992.55,388.92012684315716,0.4726763174369456,36.0,37.0,1.0
