__ID,_id_site,_Year,_Month,DateForSearch,zzCreationTS,zzModificationTS,AdultsReg,ChildrenReg,HouseholdsReg,IndividualsReg,Meals,Misc,People,PoundsReg,SeniorsReg,Snacks,UniqueVisitsReg,County,FederalDistrict,StateDistrict,FoodBank,ChildrenExtra,ChildrenProduce,ChildrenHoliday,AdultsExtra,AdultsProduce,AdultsHoliday,IndividualsExtra,SeniorsExtra,SeniorsProduce,SeniorsHoliday,IndividualsProduce,IndividualsHoliday,UniqueVisitsExtra,UniqueVisitsProduce,UniqueVisitsHoliday,UniqueVisitsTotal,SeniorsTotal,IndividualsTotal,ChildrenTotal,AdultsTotal,HouseholdsExtra,HouseholdsProduce,HouseholdsHoliday,HouseholdsTotal,PoundsExtra,PoundsProduce,PoundsHoliday,PoundsTotal,AgencyType,_id_bank,SuperShelf,_YearMonth,PoundsPerIndiv,IndividualsPerHH,id_agency,PoundsPerHH
17346,15218.0,2022,9,2022-09-01,2022-10-27T09:15:22Z,2025-12-30T13:50:27Z,,,,,2530.0,,,,,,,,8.0,5.0,Second Harvest Northland,,,,,,,,,,,,,,,,,,,,,,,,,,,,,Meal Program,6.0,,202209,,,,
17380,15218.0,2022,7,2022-07-01,2022-10-31T11:31:00Z,2025-12-30T13:50:27Z,,,,,1140.0,,,,,,,,8.0,5.0,Second Harvest Northland,,,,,,,,,,,,,,,,,,,,,,,,,,,,,Meal Program,6.0,,202207,,,,
17387,15218.0,2022,8,2022-08-01,2022-10-31T11:31:00Z,2025-12-30T13:50:27Z,,,,,1372.0,,,,,,,,8.0,5.0,Second Harvest Northland,,,,,,,,,,,,,,,,,,,,,,,,,,,,,Meal Program,6.0,,202208,,,,
17778,15218.0,2022,10,2022-10-01,2022-11-14T15:13:01Z,2025-12-30T13:50:27Z,,,,,1080.0,,,,,,,,8.0,5.0,Second Harvest Northland,,,,,,,,,,,,,,,,,,,,,,,,,,,,,Meal Program,6.0,,202210,,,,
18319,15218.0,2022,11,2022-11-01,2022-12-14T08:07:51Z,2025-12-30T13:50:27Z,,,,,1324.0,,,,,,,,8.0,5.0,Second Harvest Northland,,,,,,,,,,,,,,,,,,,,,,,,,,,,,Meal Program,6.0,,202211,,,,
19014,15218.0,2022,12,2022-12-01,2023-01-18T06:03:39Z,2025-12-30T13:50:28Z,,,,,370.0,,,,,,,,8.0,5.0,Second Harvest Northland,,,,,,,,,,,,,,,,,,,,,,,,,,,,,Meal Program,6.0,,202212,,,,
19482,15218.0,2023,1,2023-01-01,2023-02-16T06:01:04Z,2025-12-30T13:50:28Z,,,,,981.0,,,,,,,,8.0,5.0,Second Harvest Northland,,,,,,,,,,,,,,,,,,,,,,,,,,,,,Meal Program,6.0,,202301,,,,
19827,15218.0,2023,2,2023-02-01,2023-03-15T05:41:08Z,2025-12-30T13:50:28Z,,,,,1034.0,,,,,,,,8.0,5.0,Second Harvest Northland,,,,,,,,,,,,,,,,,,,,,,,,,,,,,Meal Program,6.0,,202302,,,,
20468,15218.0,2023,3,2023-03-01,2023-04-17T10:50:35Z,2025-12-30T13:50:28Z,,,,,1201.0,,,,,,,,8.0,5.0,Second Harvest Northland,,,,,,,,,,,,,,,,,,,,,,,,,,,,,Meal Program,6.0,,202303,,,,
21169,15218.0,2023,4,2023-04-01,2023-05-17T15:34:13Z,2025-12-30T13:50:29Z,,,,,676.0,,,,,,,,8.0,5.0,Second Harvest Northland,,,,,,,,,,,,,,,,,,,,,,,,,,,,,Meal Program,6.0,,202304,,,,
21306,15218.0,2023,5,2023-05-01,2023-06-15T06:55:28Z,2025-12-30T13:50:29Z,,,,,1344.0,,,,,,,,8.0,5.0,Second Harvest Northland,,,,,,,,,,,,,,,,,,,,,,,,,,,,,Meal Program,6.0,,202305,,,,
21798,15218.0,2023,6,2023-06-01,2023-07-13T10:28:39Z,2025-12-30T13:50:29Z,,,,,896.0,,,,,,,,8.0,5.0,Second Harvest Northland,,,,,,,,,,,,,,,,,,,,,,,,,,,,,Meal Program,6.0,,202306,,,,
22752,15218.0,2023,7,2023-07-01,2023-08-15T15:32:10Z,2025-12-30T13:50:30Z,,,,,704.0,,,,,,,,8.0,5.0,Second Harvest Northland,,,,,,,,,,,,,,,,,,,,,,,,,,,,,Meal Program,6.0,,202307,,,,
22805,15367.0,2023,7,2023-07-01,2023-08-25T10:34:25Z,2025-12-30T13:50:30Z,,,,,,,,,,,,,,,Second Harvest Heartland,,,,,,,,,,,,,,,,,,,,,,,,,,,,,Food Shelf,3.0,,202307,,,,
23038,15366.0,2023,8,2023-08-01,2023-09-15T10:24:29Z,2025-12-30T13:50:30Z,1008.0,3606.0,3752.0,8328.0,0.0,,,160744.0,3714.0,,,,,,Second Harvest Heartland,,,,,,,,,,,,,,,,,3714.0,8328.0,3606.0,1008.0,,,,3752.0,,,,160744.0,,3.0,,202308,19.0,2.0,15366.0,43.0
23304,15218.0,2023,8,2023-08-01,2023-09-18T05:51:22Z,2025-12-30T13:50:30Z,,,,,1538.0,,,,,,,,8.0,5.0,Second Harvest Northland,,,,,,,,,,,,,,,,,,,,,,,,,,,,,Meal Program,6.0,,202308,,,,
23697,15218.0,2023,9,2023-09-01,2023-10-16T07:18:43Z,2025-12-30T13:50:30Z,,,,,1016.0,,,,,,,,8.0,5.0,Second Harvest Northland,,,,,,,,,,,,,,,,,,,,,,,,,,,,,Meal Program,6.0,,202309,,,,
23883,15364.0,2023,9,2023-09-01,2023-10-16T14:02:45Z,2025-12-30T13:50:30Z,325.0,160.0,164.0,506.0,0.0,,,5790.0,21.0,,,,,,Second Harvest Heartland,,,,,,,,,,,,,,,,,21.0,506.0,160.0,325.0,,,,164.0,,,,5790.0,,3.0,,202309,11.0,3.0,15364.0,35.0
24015,15218.0,2023,10,2023-10-01,2023-11-09T09:03:51Z,2025-12-30T13:50:31Z,,,,,1460.0,,,,,,,,8.0,5.0,Second Harvest Northland,,,,,,,,,,,,,,,,,,,,,,,,,,,,,Meal Program,6.0,,202310,,,,
24559,15218.0,2023,11,2023-11-01,2023-12-13T10:49:05Z,2025-12-30T13:50:31Z,,,,,1564.0,,,,,,,,8.0,5.0,Second Harvest Northland,,,,,,,,,,,,,,,,,,,,,,,,,,,,,Meal Program,6.0,,202311,,,,
24906,15362.0,2023,11,2023-11-01,2023-12-14T14:11:18Z,2025-12-30T13:50:31Z,2264.0,1464.0,1433.0,4048.0,0.0,,,72020.0,320.0,,,,,,Second Harvest Heartland,,,,,,,,,,,,,,,,,320.0,4048.0,1464.0,2264.0,,,,1433.0,,,,72020.0,,3.0,,202311,18.0,3.0,15362.0,50.0
24907,15363.0,2023,11,2023-11-01,2023-12-14T14:11:18Z,2025-12-30T13:50:31Z,2264.0,1464.0,1433.0,4048.0,0.0,,,7202.0,320.0,,,,,,Second Harvest Heartland,,,,,,,,,,,,,,,,,320.0,4048.0,1464.0,2264.0,,,,1433.0,,,,7202.0,,3.0,,202311,2.0,3.0,15363.0,5.0
25519,15389.0,2023,12,2023-12-01,2024-01-19T17:50:51Z,2025-12-30T13:50:32Z,1628.0,1011.0,1131.0,3103.0,,,,,464.0,,,,,,North Central Food Bank,,,,,,,,,,,,,,,,,464.0,3103.0,1011.0,1628.0,,,,1131.0,,,,,,,,202312,0.0,3.0,,0.0
25585,15218.0,2023,12,2023-12-01,2024-01-22T11:57:31Z,2025-12-30T13:50:32Z,,,,,1104.0,,,,,,,,8.0,5.0,Second Harvest Northland,,,,,,,,,,,,,,,,,,,,,,,,,,,,,Meal Program,6.0,,202312,,,,
26066,15389.0,2024,1,2024-01-01,2024-02-16T15:44:59Z,2025-12-30T13:50:32Z,,,,,,,,,,,,,,,,,,,,,,,,,,,,,,,,,,,,,,,,,,,,,,,202401,,,,
26173,15364.0,2024,2,2024-02-01,2024-03-15T09:29:32Z,2025-12-30T13:50:32Z,631.0,337.0,256.0,996.0,0.0,,,8184.0,28.0,,,,,,Second Harvest Heartland,,,,,,,,,,,,,,,,,28.0,996.0,337.0,631.0,,,,256.0,,,,8184.0,,3.0,,202402,8.0,4.0,15364.0,32.0
26516,15433.0,2024,2,2024-02-01,2024-03-16T12:23:51Z,2025-12-30T13:50:32Z,501.0,340.0,311.0,990.0,,,,0.0,149.0,,,,,,,,,,,,,,,,,,,,,,,149.0,990.0,340.0,501.0,,,,311.0,,,,0.0,,,,202402,0.0,3.0,,0.0
26518,15390.0,2024,2,2024-02-01,2024-03-16T12:23:51Z,2025-12-30T13:50:32Z,199.0,82.0,436.0,371.0,,,,27251.0,90.0,,,,,,,,,,,,,,,,,,,,,,,90.0,371.0,82.0,199.0,,,,436.0,,,,27251.0,,,,202402,73.0,1.0,,63.0
26525,15399.0,2024,2,2024-02-01,2024-03-16T12:23:51Z,2025-12-30T13:50:32Z,1479.0,804.0,966.0,2683.0,,,,53145.0,400.0,,,,,,,,,,,,,,,,,,,,,,,400.0,2683.0,804.0,1479.0,,,,966.0,,,,53145.0,,,,202402,20.0,3.0,,55.0
26541,15432.0,2024,2,2024-02-01,2024-03-16T12:23:51Z,2025-12-30T13:50:32Z,,,,,1305.0,,,,,,,,,,,,,,,,,,,,,,,,,,,,,,,,,,,,,,,,,,202402,,,,
26543,15425.0,2024,2,2024-02-01,2024-03-16T12:23:51Z,2025-12-30T13:50:32Z,44.0,12.0,56.0,101.0,,,,,45.0,,,,,,,,,,,,,,,,,,,,,,,45.0,101.0,12.0,44.0,,,,56.0,,,,,,,,202402,0.0,2.0,,0.0
26545,15398.0,2024,2,2024-02-01,2024-03-16T12:23:51Z,2025-12-30T13:50:32Z,,,,,1751.0,,,,,,,,,,,,,,,,,,,,,,,,,,,,,,,,,,,,,,,,,,202402,,,,
26872,15383.0,2024,3,2024-03-01,2024-04-15T21:01:58Z,2025-12-30T13:50:32Z,143.0,67.0,86.0,247.0,,,,3326.0,37.0,,,,,,,,,,,,,,,,,,,,,,,37.0,247.0,67.0,143.0,,,,86.0,,,,3326.0,,,,202403,13.0,3.0,,39.0
36738,16486.0,2025,10,2025-10-01,2025-11-18T11:09:45Z,2025-12-30T13:50:38Z,229.0,129.0,131.0,383.0,0.0,,,3568.0,25.0,,,,,,Second Harvest Heartland,,,,,,,,,,,,,,,,,25.0,383.0,129.0,229.0,,,,131.0,,,,3568.0,,3.0,,202510,9.0,3.0,,27.0
37255,16486.0,2025,11,2025-11-01,2025-12-15T12:22:54Z,2025-12-30T13:50:38Z,323.0,184.0,131.0,538.0,0.0,,,7795.0,31.0,,,,,,Second Harvest Heartland,,,,,,,,,,,,,,,,,31.0,538.0,184.0,323.0,,,,131.0,,,,7795.0,,3.0,,202511,14.0,4.0,,60.0
37769,16486.0,2025,12,2025-12-01,2026-01-15T18:50:33Z,2026-01-15T18:50:33Z,163.0,89.0,107.0,273.0,0.0,,,2119.0,21.0,,,,,,Second Harvest Heartland,,,,,,,,,,,,,,,,,21.0,273.0,89.0,163.0,,,,107.0,,,,2119.0,,3.0,,202512,8.0,3.0,,20.0
38016,16597.0,2026,1,2026-01-01,2026-02-13T15:44:15Z,2026-02-13T15:44:15Z,1122.0,971.0,532.0,2276.0,0.0,,,25800.0,183.0,,,,,,Second Harvest Heartland,,,,,,,,,,,,,,,,,183.0,2276.0,971.0,1122.0,,,,532.0,,,,25800.0,,3.0,,202601,11.0,4.0,,48.0
38124,16486.0,2026,1,2026-01-01,2026-02-13T15:44:16Z,2026-02-13T15:44:16Z,133.0,70.0,87.0,220.0,0.0,,,3355.0,17.0,,,,,,Second Harvest Heartland,,,,,,,,,,,,,,,,,17.0,220.0,70.0,133.0,,,,87.0,,,,3355.0,,3.0,,202601,15.0,3.0,,39.0
38766,16597.0,2026,2,2026-02-01,2026-03-13T15:09:00Z,2026-03-13T15:09:00Z,1262.0,1151.0,609.0,2618.0,0.0,,,30450.0,205.0,,,,,,Second Harvest Heartland,,,,,,,,,,,,,,,,,205.0,2618.0,1151.0,1262.0,,,,609.0,,,,30450.0,,3.0,,202602,12.0,4.0,,50.0
39179,16597.0,2026,3,2026-03-01,2026-04-14T14:24:27Z,2026-04-14T14:24:27Z,920.0,763.0,459.0,1854.0,0.0,,,22900.0,171.0,,,,,,Second Harvest Heartland,,,,,,,,,,,,,,,,,171.0,1854.0,763.0,920.0,,,,459.0,,,,22900.0,,3.0,,202603,12.0,4.0,,50.0
39780,16597.0,2026,4,2026-04-01,2026-05-15T14:18:08Z,2026-05-15T14:18:08Z,835.0,673.0,417.0,1678.0,0.0,,,20900.0,170.0,,,,,,Second Harvest Heartland,,,,,,,,,,,,,,,,,170.0,1678.0,673.0,835.0,,,,417.0,,,,20900.0,,3.0,,202604,12.0,4.0,,50.0
40289,16597.0,2026,5,2026-05-01,2026-06-15T19:11:58Z,2026-06-15T19:11:58Z,692.0,588.0,332.0,1412.0,0.0,,,16600.0,132.0,,,,,,Second Harvest Heartland,,,,,,,,,,,,,,,,,132.0,1412.0,588.0,692.0,,,,332.0,,,,16600.0,Outreach Program,3.0,,202605,12.0,4.0,,50.0
40554,15218.0,2026,5,2026-05-01,2026-06-23T15:55:39Z,2026-06-23T15:55:39Z,,,,,,,,,,,,,8.0,5.0,Second Harvest Northland,,,,,,,,,,,,,,,,,,,,,,,,,,,,,Meal Program,6.0,,202605,,,,
40936,16597.0,2026,6,2026-06-01,2026-07-15T21:27:01Z,2026-07-15T21:27:01Z,878.0,755.0,434.0,1797.0,0.0,,,21700.0,164.0,,,,,,Second Harvest Heartland,,,,,,,,,,,,,,,,,164.0,1797.0,755.0,878.0,,,,434.0,,,,21700.0,Outreach Program,3.0,,202606,12.0,4.0,,50.0
41349,16597.0,2026,7,2026-07-01,2026-08-14T15:32:03Z,2026-08-14T15:32:03Z,801.0,694.0,399.0,1654.0,0.0,,,19950.0,159.0,,,,,,Second Harvest Heartland,,,,,,,,,,,,,,,,,159.0,1654.0,694.0,801.0,,,,399.0,,,,19950.0,Outreach Program,3.0,,202607,12.0,4.0,,50.0
