lag,n,r_simple,beta,se,p,lo,hi,bw,metric
0,43,0.11677085361976815,0.2988412191102114,0.6105557492028938,0.6271912036737526,-0.8978480493274603,1.4955304875478832,12,Visits
0,43,0.11677085361976815,0.2988412191102114,0.6041746760233289,0.6235692113206859,-0.8853411458955132,1.483023584115936,6,Visits
1,43,0.19366587337226462,0.38582094532740485,0.4790256187972819,0.42533451731494687,-0.5530692675152676,1.3247111581700772,12,Visits
1,43,0.19366587337226462,0.38582094532740485,0.4679648697193711,0.4145645389132854,-0.5313901993225625,1.3030320899773722,6,Visits
2,43,0.2276554623051452,0.23996361144723843,0.45551505687949906,0.60124453911482,-0.6528459000365797,1.1327731229310567,12,Visits
2,43,0.2276554623051452,0.23996361144723843,0.44675777370949815,0.5941585314962392,-0.6356816250233779,1.1156088479178548,6,Visits
3,43,0.30174978568319905,0.2724821663681342,0.3997330914564318,0.4993818306800776,-0.5109946928864721,1.0559590256227405,12,Visits
3,43,0.30174978568319905,0.2724821663681342,0.39395282147491256,0.4931449796849733,-0.4996653637226944,1.0446296964589628,6,Visits
4,43,0.38066071671949675,0.3536999771088965,0.3714124734323041,0.3466589793690885,-0.3742684708184196,1.0816684250362125,12,Visits
4,43,0.38066071671949675,0.3536999771088965,0.36469151320425275,0.3379441730895695,-0.3610953887714388,1.0684953429892319,6,Visits
5,43,0.4075305217369743,0.2773367490961417,0.3641721867448384,0.45079318968948334,-0.43644073692374163,0.991114235116025,12,Visits
5,43,0.4075305217369743,0.2773367490961417,0.36227869621774667,0.44844722341045407,-0.43272949549064177,0.9874029936829252,6,Visits
6,43,0.47357093255701854,0.38391658199241324,0.33864509147540167,0.2636761615828768,-0.27982779729937407,1.0476609612842005,12,Visits
6,43,0.47357093255701854,0.38391658199241324,0.33073622272793596,0.2526066878656434,-0.2643264145543412,1.0321595785391677,6,Visits
7,43,0.5072886108532888,0.35765051018813604,0.30900903958790293,0.2539692909459465,-0.24800720740415366,0.9633082277804257,12,Visits
7,43,0.5072886108532888,0.35765051018813604,0.3162821816909173,0.2648757904174488,-0.26226256592606184,0.977563586302334,6,Visits
8,43,0.5635335252827427,0.4234064158635353,0.31130972447302396,0.18142089784213458,-0.18676064410359167,1.0335734758306623,12,Visits
8,43,0.5635335252827427,0.4234064158635353,0.31908494268561843,0.19205401704984884,-0.20200007180027685,1.0488129035273475,6,Visits
9,43,0.6104423754416716,0.48696567116108963,0.2856294251630428,0.09597202460671021,-0.07286800215847428,1.0467993444806536,12,Visits
9,43,0.6104423754416716,0.48696567116108963,0.3076696026715325,0.12135299572594135,-0.11606675007511408,1.0899980923972934,6,Visits
10,43,0.662753310071484,0.6643005314505019,0.27448814820245854,0.020149440167845464,0.12630376097368323,1.2022973019273206,12,Visits
10,43,0.662753310071484,0.6643005314505019,0.3174304757615201,0.04276104937302726,0.04213679895792255,1.2864642639430812,6,Visits
11,43,0.7111773700738238,0.9498122217669929,0.2656169425990047,9.306452984312453e-4,0.4292030142729437,1.470421429261042,12,Visits
11,43,0.7111773700738238,0.9498122217669929,0.33209352504150275,0.006700307097105651,0.29890891268564745,1.6007155308483383,6,Visits
12,43,0.7699013105313278,1.5488881809729345,0.3656072828993467,1.2956801993078558e-4,0.832297906490215,2.265478455455654,12,Visits
12,43,0.7699013105313278,1.5488881809729345,0.41070765298288014,5.259513173116067e-4,0.7439011811264894,2.3538751808193794,6,Visits
13,43,0.7818858115418749,1.7580884133103978,0.3400623768861481,6.879871154062891e-6,1.0915661546135476,2.424610672007248,12,Visits
13,43,0.7818858115418749,1.7580884133103978,0.3989975262301561,7.67494354156354e-5,0.9760532618992919,2.5401235647215037,6,Visits
14,43,0.7966400902786559,1.8192185680929556,0.2954450488210213,2.8379354772938084e-7,1.240146272403754,2.398290863782157,12,Visits
14,43,0.7966400902786559,1.8192185680929556,0.33796427954051084,3.471787936239844e-6,1.1568085801935544,2.4816285559923568,6,Visits
15,43,0.7935388337311565,1.6566785605719792,0.25727319466438103,1.1404524999269587e-7,1.1524230990297923,2.1609340221141657,12,Visits
15,43,0.7935388337311565,1.6566785605719792,0.2862526915045098,9.403618177096246e-7,1.09562328522314,2.2177338359208183,6,Visits
16,43,0.7746091186511121,1.4429428822325843,0.21765281502800987,6.172013318266431e-8,1.016343364777685,1.8695423996874836,12,Visits
16,43,0.7746091186511121,1.4429428822325843,0.2468620730236829,7.802867185927412e-7,0.9590932191061659,1.9267925453590027,6,Visits
17,43,0.7489182641216987,1.2878347212040293,0.19998530590250263,1.1394512490177522e-7,0.8958635216351242,1.6798059207729343,12,Visits
17,43,0.7489182641216987,1.2878347212040293,0.2286672828341514,1.5549465130806617e-6,0.8396468468490925,1.736022595558966,6,Visits
18,43,0.7040951625698404,1.11572949648076,0.18184972535583208,3.048464840191397e-7,0.7593040347833291,1.472154958178191,12,Visits
18,43,0.7040951625698404,1.11572949648076,0.20674479021882844,3.32115994590703e-6,0.7105097076518563,1.5209492853096638,6,Visits
0,43,0.29767993054786185,1.4277964358490316,0.8655533225444533,0.10686210286707834,-0.26868807633809677,3.12428094803616,12,Individuals
0,43,0.29767993054786185,1.4277964358490316,0.8719195087518911,0.10936359464044663,-0.28116580130467494,3.1367586730027384,6,Individuals
1,43,0.3651226156090842,1.3345551987227133,0.6860509357098983,0.058794617443250846,-0.010104635268687323,2.679215032714114,12,Individuals
1,43,0.3651226156090842,1.3345551987227133,0.691758680192138,0.0608190944297557,-0.021291814453877178,2.690402211899304,6,Individuals
2,43,0.3999885429146214,1.0970295497538636,0.663421989200584,0.10603856393497547,-0.20327754907928108,2.3973366485870082,12,Individuals
2,43,0.3999885429146214,1.0970295497538636,0.6744568198031671,0.11168884762130939,-0.22490581706034396,2.418964916568071,6,Individuals
3,43,0.45833098874127803,1.0266566158606938,0.6198768577772229,0.10550117955944818,-0.18830202538266305,2.2416152571040504,12,Individuals
3,43,0.45833098874127803,1.0266566158606938,0.6354826130343175,0.11405205971488909,-0.2188893056865686,2.2722025374079564,6,Individuals
4,43,0.5212357990577167,1.0262849846049098,0.5779836043555877,0.08340256571639036,-0.10656287993204216,2.1591328491418618,12,Individuals
4,43,0.5212357990577167,1.0262849846049098,0.5912050439833512,0.0902761921574274,-0.1324769016024585,2.185046870812278,6,Individuals
5,43,0.5624576627909619,0.9941497399579049,0.5706822990100395,0.08918755494400825,-0.1243875661017726,2.1126870460175824,12,Individuals
5,43,0.5624576627909619,0.9941497399579049,0.580297978686637,0.09442299468217139,-0.14323429826790357,2.131533778183713,6,Individuals
6,43,0.6333969361764037,1.1422920828294227,0.5281805425948942,0.03659942146990245,0.10705821934343018,2.1775259463154155,12,Individuals
6,43,0.6333969361764037,1.1422920828294227,0.5221584167649653,0.0346000608966189,0.11886158597009078,2.1657225796887545,6,Individuals
7,43,0.663656614686366,1.1358432434201098,0.5045900040731842,0.02994834264577233,0.14684683543666877,2.124839651403551,12,Individuals
7,43,0.663656614686366,1.1358432434201098,0.5139814067099607,0.03289837452886459,0.12843968626858682,2.1432468005716325,6,Individuals
8,43,0.7153933931887204,1.2681195792147808,0.4998800935270173,0.015190143961715918,0.2883545959018269,2.2478845625277346,12,Individuals
8,43,0.7153933931887204,1.2681195792147808,0.5002414933917008,0.015258535782138774,0.2876462521670473,2.2485929062625143,6,Individuals
9,43,0.7608872257677329,1.4702293442343866,0.48130031756737957,0.0039979347946680855,0.5268807218023226,2.4135779666664505,12,Individuals
9,43,0.7608872257677329,1.4702293442343866,0.4846814806611116,0.004233886033190971,0.5202536421386078,2.420205046330165,6,Individuals
10,43,0.8005639126209744,1.769969171179718,0.44933417971577727,3.193057253461764e-4,0.8892741789367946,2.6506641634226416,12,Individuals
10,43,0.8005639126209744,1.769969171179718,0.4600502075748394,4.198761541187803e-4,0.8682707643330329,2.6716675780264034,6,Individuals
11,43,0.8406044554241294,2.2855086038678674,0.37389348661258215,3.281162767526316e-7,1.5526773701072063,3.0183398376285284,12,Individuals
11,43,0.8406044554241294,2.2855086038678674,0.3884133635380995,6.875804491180264e-7,1.5242184113331922,3.0467987964025425,6,Individuals
12,43,0.8790904978310701,2.987183850745968,0.27597355036973725,1.8738176340134408e-13,2.446275692021283,3.5280920094706527,12,Individuals
12,43,0.8790904978310701,2.987183850745968,0.29624801740336515,1.519170574962443e-12,2.4065377366353724,3.5678299648565632,6,Individuals
13,43,0.88318979530495,3.261223670327054,0.4059167981959157,7.104697266245339e-10,2.465626745863059,4.0568205947910485,12,Individuals
13,43,0.88318979530495,3.261223670327054,0.4275423544573363,2.543058564884332e-9,2.423240655590675,4.099206685063433,6,Individuals
14,43,0.8845057436953822,2.9998043826041516,0.5889507268024902,8.785920240995025e-6,1.8454609580712709,4.154147807137033,12,Individuals
14,43,0.8845057436953822,2.9998043826041516,0.5894666528908139,8.912000250100686e-6,1.8444497429381563,4.155159022270147,6,Individuals
15,43,0.8786900267830108,2.6036632888262528,0.5942767211788366,8.29396324774173e-5,1.4388809153157331,3.7684456623367724,12,Individuals
15,43,0.8786900267830108,2.6036632888262528,0.59161174883596,7.802047020988083e-5,1.4441042611077712,3.7632223165447343,6,Individuals
16,43,0.845035122457806,2.09963845043505,0.46526832663890944,5.51095101486026e-5,1.1877125302227873,3.0115643706473123,12,Individuals
16,43,0.845035122457806,2.09963845043505,0.46947970006470324,6.251949816005494e-5,1.1794582383082315,3.0198186625618684,6,Individuals
17,43,0.8006427076035334,1.7335993805218748,0.30388057073175095,1.2283226609256215e-6,1.137993461887643,2.3292052991561065,12,Individuals
17,43,0.8006427076035334,1.7335993805218748,0.33000931349540674,5.2674504465512245e-6,1.0867811260708775,2.380417634972872,6,Individuals
18,43,0.7171918660191113,1.3040851808808467,0.18758312049299214,2.1872642400730935e-8,0.9364222647145821,1.6717480970471112,12,Individuals
18,43,0.7171918660191113,1.3040851808808467,0.23996959504040452,2.9411864829370456e-6,0.8337447746016537,1.7744255871600396,6,Individuals
0,43,0.07936485937509409,0.11027398016553301,0.5888526655985037,0.852396239916555,-1.0438772444075342,1.2644252047386002,12,Pounds
0,43,0.07936485937509409,0.11027398016553301,0.5694351407085061,0.8474260747370271,-1.0058188956231389,1.226366855954205,6,Pounds
1,43,0.14791406860965106,0.18579583595901794,0.4479158781450673,0.6805041567175512,-0.692119285205314,1.0637109571233498,12,Pounds
1,43,0.14791406860965106,0.18579583595901794,0.43569487890586417,0.6720767000773706,-0.6681661266964758,1.0397577986145117,6,Pounds
2,43,0.1754670668671151,0.09414441493837411,0.4368665375208637,0.8304731784356201,-0.7621139986025187,0.9504028284792669,12,Pounds
2,43,0.1754670668671151,0.09414441493837411,0.42567308184415126,0.8260883204692344,-0.7401748254761623,0.9284636553529105,6,Pounds
3,43,0.23630579263715357,0.1100356289264308,0.38804804038314733,0.778208708498952,-0.6505385302245379,0.8706097880773995,12,Pounds
3,43,0.23630579263715357,0.1100356289264308,0.383189334445341,0.7754742277763647,-0.6410154665864375,0.8610867244392991,6,Pounds
4,43,0.30184867642072477,0.1579003303096333,0.33985335723106846,0.6447276939602011,-0.5082122498632609,0.8240129104825276,12,Pounds
4,43,0.30184867642072477,0.1579003303096333,0.33490738538243675,0.6398634186177554,-0.4985181450399427,0.8143188056592092,6,Pounds
5,43,0.3406195192607782,0.157241599650535,0.340050995140952,0.6462957962567814,-0.5092583508257309,0.8237415501268008,12,Pounds
5,43,0.3406195192607782,0.157241599650535,0.33260441028478,0.6389549343213072,-0.49466304450763376,0.8091462438087037,6,Pounds
6,43,0.4122129368538077,0.2700081262730953,0.31456764694235523,0.39581539613852956,-0.346544461733921,0.8865607142801115,12,Pounds
6,43,0.4122129368538077,0.2700081262730953,0.30090405054515756,0.37491588619503113,-0.3197638127954135,0.8597800653416041,6,Pounds
7,43,0.445656797616055,0.2702658150996421,0.2914813835431109,0.35937629927865233,-0.30103769664485525,0.8415693268441394,12,Pounds
7,43,0.445656797616055,0.2702658150996421,0.29211843517158687,0.3604140741182946,-0.30228631783666815,0.8428179480359523,6,Pounds
8,43,0.5019705841210185,0.3469516985988695,0.2969505168558041,0.24956926488955522,-0.23507131443850654,0.9289747116362455,12,Pounds
8,43,0.5019705841210185,0.3469516985988695,0.291454643805317,0.24090077748899602,-0.22429940325955183,0.9182028004572909,6,Pounds
9,43,0.5626577317785217,0.48853161629319897,0.27884586641294495,0.08744180507596602,-0.05800628187617318,1.0350695144625712,12,Pounds
9,43,0.5626577317785217,0.48853161629319897,0.276046839895012,0.08439316251506264,-0.05252018990102458,1.0295834224874225,6,Pounds
10,43,0.6219895005959678,0.7161030945073739,0.28053904418039816,0.01461387648719261,0.16624656791379344,1.2659596211009543,12,Pounds
10,43,0.6219895005959678,0.7161030945073739,0.2800484145839044,0.014453930260686927,0.1672082019229213,1.2649979870918264,6,Pounds
11,43,0.6759485795127055,1.061432150888619,0.2858698030411614,6.242981346637071e-4,0.5011273369279428,1.6217369648492954,12,Pounds
11,43,0.6759485795127055,1.061432150888619,0.2899507821405425,7.27404905657096e-4,0.4931286178931559,1.6297356838840824,6,Pounds
12,43,0.7388017730981625,1.6462711077226482,0.3549760979630884,3.727038751402246e-5,0.950517955714995,2.3420242597303016,12,Pounds
12,43,0.7388017730981625,1.6462711077226482,0.3533651108908901,3.487500770224342e-5,0.9536754903765036,2.338866725068793,6,Pounds
13,43,0.7645668563806959,1.9975506060627113,0.24864617493357186,7.115997866972707e-10,1.5102041031929105,2.484897108932512,12,Pounds
13,43,0.7645668563806959,1.9975506060627113,0.2749900058955473,8.063437589638216e-9,1.4585701945074385,2.536531017617984,6,Pounds
14,43,0.7923470038702187,2.028725422409871,0.1423505363372121,2.886761064795151e-17,1.7497183711889355,2.307732473630807,12,Pounds
14,43,0.7923470038702187,2.028725422409871,0.1788901476080424,4.5434737765388356e-14,1.6781007330981081,2.3793501117216342,6,Pounds
15,43,0.8119295176592678,1.8803755507716655,0.18838300114407838,2.036238460293898e-12,1.5111448685292719,2.249606233014059,12,Pounds
15,43,0.8119295176592678,1.8803755507716655,0.1979383246004705,8.30389686759388e-12,1.4924164345547433,2.2683346669885878,6,Pounds
16,43,0.8029552780640117,1.594712597687787,0.1758666785384172,3.0023239669766487e-11,1.2500139077524892,1.9394112876230847,12,Pounds
16,43,0.8029552780640117,1.594712597687787,0.2016856680257119,1.0574949741021618e-9,1.1994086883573916,1.9900165070181823,6,Pounds
17,43,0.8013027713984803,1.4530199887394577,0.15314131687856056,8.595510380823113e-12,1.152863007657479,1.7531769698214363,12,Pounds
17,43,0.8013027713984803,1.4530199887394577,0.196203118279864,5.138765349872448e-9,1.0684618769109242,1.8375781005679912,6,Pounds
18,43,0.7555658554606722,1.2227735386474543,0.1359473900577248,3.742028302710662e-11,0.9563166541343138,1.4892304231605948,12,Pounds
18,43,0.7555658554606722,1.2227735386474543,0.19068596729647008,1.2439445370433937e-7,0.8490290427463729,1.5965180345485357,6,Pounds
