metric,lag,t_obs,p_lag_adj
Visits,0,0.5182578123242518,1
Visits,1,0.7765530933002387,1
Visits,2,0.5311711088753484,1
Visits,3,0.6435037235988886,1
Visits,4,0.8873325322525139,1
Visits,5,0.7252298135995185,1
Visits,6,1.038279331285668,1
Visits,7,0.9562541037682113,1
Visits,8,1.0928747769759533,1
Visits,9,1.167834328939549,1
Visits,10,1.4634623075814668,1
Visits,11,1.8868935892299636,1
Visits,12,2.93843599477369,0.7564102564102564
Visits,13,3.1922059005297645,0.6538461538461539
Visits,14,3.668961937079509,0.2564102564102564
Visits,15,3.7591469089797727,0.23076923076923078
Visits,16,3.671649497890997,0.24358974358974358
Visits,17,3.589493994973653,0.5128205128205128
Visits,18,3.3039467283925466,0.6410256410256411
Individuals,0,2.34424652674083,0.9743589743589743
Individuals,1,2.5621277378197167,0.9743589743589743
Individuals,2,2.2925500149356326,1
Individuals,3,2.284330197888296,1
Individuals,4,2.4332806446100794,0.9743589743589743
Individuals,5,2.4696185441827567,0.9743589743589743
Individuals,6,3.006416660582083,0.8717948717948718
Individuals,7,2.951480330467918,0.8717948717948718
Individuals,8,3.224748536175201,0.6282051282051282
Individuals,9,3.538879318424358,0.6025641025641025
Individuals,10,4.00504922883151,0.5769230769230769
Individuals,11,4.903708223749079,0.2948717948717949
Individuals,12,6.6342210793704375,0.2564102564102564
Individuals,13,7.052375186398234,0.23076923076923078
Individuals,14,6.896174163717263,0.24358974358974358
Individuals,15,6.472340527466826,0.2692307692307692
Individuals,16,5.419871253301745,0.28205128205128205
Individuals,17,4.643494722834569,0.3076923076923077
Individuals,18,3.4796481758692037,0.6025641025641025
Pounds,0,0.22617688644585676,1
Pounds,1,0.44123700491310336,1
Pounds,2,0.2464519811663215,1
Pounds,3,0.3069490165072486,1
Pounds,4,0.46647156315026783,1
Pounds,5,0.485872509673123,1
Pounds,6,0.8624335151817987,1
Pounds,7,0.8550189013632516,1
Pounds,8,1.0611253653473618,1
Pounds,9,1.399325094297163,1
Pounds,10,1.90344404840134,0.9230769230769231
Pounds,11,2.589289581714636,0.6153846153846154
Pounds,12,3.96421614181535,0.5641025641025641
Pounds,13,4.832430046340238,0.5256410256410257
Pounds,14,5.6102960951482626,0.24358974358974358
Pounds,15,5.991426319615301,0.23076923076923078
Pounds,16,5.526826234606306,0.2692307692307692
Pounds,17,5.562636284622676,0.2692307692307692
Pounds,18,4.765467963311888,0.5256410256410257
