metric,lag,n,beta,se,p
Visits,0,54,-1.0605274752593763,1.7178296221279223,0.5404929377661845
Visits,1,54,2.964473327912905,1.4514749888131608,0.04774335869728453
Visits,2,53,-2.0495960382413605,1.22923508622078,0.10345157864990301
Visits,3,52,0.04736681652382835,0.7553116298048768,0.9503248541681363
Visits,4,51,2.1597542699347745,1.1202985888763375,0.06157751741756033
Visits,5,50,-1.2327041464042656,1.239786125165213,0.3267192590474992
Visits,6,49,2.530392441143374,1.4797954591498295,0.09612579601499141
Individuals,0,54,0.5928966437781776,2.2184892146315036,0.7906479607236246
Individuals,1,54,2.6358902187313493,1.604032559569115,0.10816189975031536
Individuals,2,53,0.09212044119479734,1.3674668041179792,0.946634712206178
Individuals,3,52,-0.24380154826134834,0.9056648331612287,0.7892350132759168
Individuals,4,51,1.6055281091584417,1.2161776258543344,0.19489651273279562
Individuals,5,50,-1.505499385491166,1.1842505125310556,0.2117861797211439
Individuals,6,49,2.9018752760291426,1.7776593557645326,0.11155844508968331
Pounds,0,54,-0.9585353860876705,1.7116286672382892,0.5785931392759925
Pounds,1,54,1.665035195875559,1.4720519493271587,0.264749982599456
Pounds,2,53,-0.9732856842456186,1.3132784217297528,0.46306518161704135
Pounds,3,52,-0.41277389271637166,0.8701072373866022,0.6379336529113679
Pounds,4,51,1.8970608426347189,1.2334631057726162,0.13255864597582348
Pounds,5,50,-1.570086501666246,1.19217390701595,0.19616254976690253
Pounds,6,49,2.472374090439133,1.4638181867852809,0.10011258481049584
