series,m,seasonal
CPI (Midwest),Jan,0.0013259621480599404
CPI (Midwest),Feb,0.0017317025328518886
CPI (Midwest),Mar,7.423451077804752e-4
CPI (Midwest),Apr,-7.985958475605853e-4
CPI (Midwest),May,-2.2569477415347182e-4
CPI (Midwest),Jun,-9.061066936586642e-4
CPI (Midwest),Jul,7.803893012230763e-4
CPI (Midwest),Aug,0.002543440434884558
CPI (Midwest),Sep,0.003843780741370428
CPI (Midwest),Oct,6.973603115871667e-4
CPI (Midwest),Nov,-0.0039061332013881336
CPI (Midwest),Dec,-0.005828449354264228
Individuals,Jan,-0.04831734848978658
Individuals,Feb,-0.12174873283520607
Individuals,Mar,0.04270184702151181
Individuals,Apr,0.05294225653591712
Individuals,May,0.01920114340834672
Individuals,Jun,0.01602250503807388
Individuals,Jul,9.273463459352249e-4
Individuals,Aug,0.03890636195189137
Individuals,Sep,-0.020639424553476202
Individuals,Oct,0.051684028557950845
Individuals,Nov,0.04338204069601301
Individuals,Dec,-0.07506204991668865
Pounds,Jan,-0.017442676030128015
Pounds,Feb,-0.12792895839093676
Pounds,Mar,0.0043520039022163825
Pounds,Apr,0.007998942232391353
Pounds,May,0.013384646756105964
Pounds,Jun,-0.016938093316159614
Pounds,Jul,5.454681633033431e-4
Pounds,Aug,0.05375137247498332
Pounds,Sep,-0.02481760616721903
Pounds,Oct,0.05649505880928923
Pounds,Nov,0.04982532777936128
Pounds,Dec,7.745056260842726e-4
Visits,Jan,-0.0943606794642357
Visits,Feb,0.024264360558189684
Visits,Mar,0.015008454998148998
Visits,Apr,0.029466531418774537
Visits,May,0.0011428480842251678
Visits,Jun,-0.0025992448050035115
Visits,Jul,-3.4442070155540807e-4
Visits,Aug,0.05571511523189973
Visits,Sep,-0.01645904330870518
Visits,Oct,0.045091060868686667
Visits,Nov,0.03365007613163834
Visits,Dec,-0.09057507107516952
