series,date,seasonal,trend,remainder
Visits,2022-01-01,-0.0943606794642357,11.7253215635647,-0.01605661501881883
Visits,2022-02-01,0.024264360558189684,11.747655619243375,0.1454967859470102
Visits,2022-03-01,0.015008454998148998,11.76998967492205,-0.0068471132563932
Visits,2022-04-01,0.029466531418774537,11.792124095672094,0.00864488493750315
Visits,2022-05-01,0.0011428480842251678,11.814258516422136,-0.002421925650843093
Visits,2022-06-01,-0.0025992448050035115,11.836348750316896,0.06609005667162471
Visits,2022-07-01,-3.4442070155540807e-4,11.858438984211656,-1.6195946882113788e-4
Visits,2022-08-01,0.05571511523189973,11.880456958081131,0.007834263356469862
Visits,2022-09-01,-0.01645904330870518,11.902474931950607,0.011804562691780873
Visits,2022-10-01,0.045091060868686667,11.923829298031556,-0.01807550315713158
Visits,2022-11-01,0.03365007613163834,11.945183664112507,-0.008167022600380491
Visits,2022-12-01,-0.09057507107516952,11.967054151508204,-0.013034077223094798
Visits,2023-01-01,-0.0943606794642357,11.988924638903901,0.002888942423847851
Visits,2023-02-01,0.024264360558189684,12.010896735539818,-0.1845569796605453
Visits,2023-03-01,0.015008454998148998,12.032868832175735,0.012475704006883248
Visits,2023-04-01,0.029466531418774537,12.054909256949486,-0.054730106929774536
Visits,2023-05-01,0.0011428480842251678,12.076949681723239,0.01905770849852395
Visits,2023-06-01,-0.0025992448050035115,12.099103612219022,0.06468335356239585
Visits,2023-07-01,-3.4442070155540807e-4,12.121257542714805,-0.018807519031234676
Visits,2023-08-01,0.05571511523189973,12.139978596992744,0.03590047053560674
Visits,2023-09-01,-0.01645904330870518,12.158699651270682,-0.006236412145687709
Visits,2023-10-01,0.045091060868686667,12.173664077553756,-0.025879187486660626
Visits,2023-11-01,0.03365007613163834,12.18862850383683,0.03808573532574577
Visits,2023-12-01,-0.09057507107516952,12.200860288556768,0.057880451565253566
Visits,2024-01-01,-0.0943606794642357,12.213092073276707,0.17412426930197533
Visits,2024-02-01,0.024264360558189684,12.223919633282234,0.019893497029908502
Visits,2024-03-01,0.015008454998148998,12.234747193287761,-0.0258479962308229
Visits,2024-04-01,0.029466531418774537,12.24389204246503,0.0082875765250634
Visits,2024-05-01,0.0011428480842251678,12.253036891642298,0.018078507259408738
Visits,2024-06-01,-0.0025992448050035115,12.259606061670816,-0.02122004135224742
Visits,2024-07-01,-3.4442070155540807e-4,12.266175231699334,0.007379319186552991
Visits,2024-08-01,0.05571511523189973,12.272456845628117,-0.01636561931247016
Visits,2024-09-01,-0.01645904330870518,12.2787384595569,0.012797545147888556
Visits,2024-10-01,0.045091060868686667,12.285963721059739,0.02977407434386592
Visits,2024-11-01,0.03365007613163834,12.293188982562578,-0.01571294464036299
Visits,2024-12-01,-0.09057507107516952,12.300369374852329,-0.003961687051592833
Visits,2025-01-01,-0.0943606794642357,12.30754976714208,0.10373372774746947
Visits,2025-02-01,0.024264360558189684,12.313827952335402,-0.06923737499318428
Visits,2025-03-01,0.015008454998148998,12.320106137528724,-4.178881624401498e-4
Visits,2025-04-01,0.029466531418774537,12.325474386116314,0.048696924565133415
Visits,2025-05-01,0.0011428480842251678,12.330842634703904,0.010672325361024804
Visits,2025-06-01,-0.0025992448050035115,12.335994263724555,-0.02244672526081537
Visits,2025-07-01,-3.4442070155540807e-4,12.341145892745207,0.05379222364824798
Visits,2025-08-01,0.05571511523189973,12.344575178908405,-0.0848499225550956
Visits,2025-09-01,-0.01645904330870518,12.348004465071604,-0.006872296996622396
Visits,2025-10-01,0.045091060868686667,12.34760633198297,0.0283011312202337
Visits,2025-11-01,0.03365007613163834,12.347208198894334,0.0043015356214919365
Visits,2025-12-01,-0.09057507107516952,12.344425534381752,-0.0030626116490068966
Visits,2026-01-01,-0.0943606794642357,12.34164286986917,0.02156335597226189
Visits,2026-02-01,0.024264360558189684,12.338697055331458,0.011929526396734502
Visits,2026-03-01,0.015008454998148998,12.335751240793744,0.054409679893936413
Visits,2026-04-01,0.029466531418774537,12.332467447959804,-0.005813344271413001
Visits,2026-05-01,0.0011428480842251678,12.329183655125863,-0.052742826087794015
Visits,2026-06-01,-0.0025992448050035115,12.325413787079434,-0.0019589123002106135
Visits,2026-07-01,-3.4442070155540807e-4,12.321643919033002,-0.007408859217377994
Individuals,2022-01-01,-0.04831734848978658,12.814850844844985,-0.040926260439128725
Individuals,2022-02-01,-0.12174873283520607,12.837963434612323,-0.03278816274998775
Individuals,2022-03-01,0.04270184702151181,12.861076024379663,-0.023492424643611898
Individuals,2022-04-01,0.05294225653591712,12.883711631348106,0.04293878368584103
Individuals,2022-05-01,0.01920114340834672,12.90634723831655,0.05758434547692026
Individuals,2022-06-01,0.01602250503807388,12.92908440832242,0.061559750503139554
Individuals,2022-07-01,9.273463459352249e-4,12.951821578328293,-0.0056274242429878996
Individuals,2022-08-01,0.03890636195189137,12.974822107643906,0.016355131689236302
Individuals,2022-09-01,-0.020639424553476202,12.99782263695952,0.020195006204160038
Individuals,2022-10-01,0.051684028557950845,13.018783464007086,-0.03726762450856391
Individuals,2022-11-01,0.04338204069601301,13.039744291054651,-0.03032098550593254
Individuals,2022-12-01,-0.07506204991668865,13.062445954266568,-0.037121690346607394
Individuals,2023-01-01,-0.04831734848978658,13.085147617478484,-0.009237017244187129
Individuals,2023-02-01,-0.12174873283520607,13.111437878934325,-0.012925115612290483
Individuals,2023-03-01,0.04270184702151181,13.137728140390166,0.013935861420275586
Individuals,2023-04-01,0.05294225653591712,13.165935526437954,-0.03909491470205673
Individuals,2023-05-01,0.01920114340834672,13.194142912485741,0.010878916089087198
Individuals,2023-06-01,0.01602250503807388,13.223143810091571,0.05544387214277968
Individuals,2023-07-01,9.273463459352249e-4,13.2521447076974,-0.02226781013694712
Individuals,2023-08-01,0.03890636195189137,13.275485810191846,0.054701587281966724
Individuals,2023-09-01,-0.020639424553476202,13.298826912686291,0.0062309612040003515
Individuals,2023-10-01,0.051684028557950845,13.314685032676536,-0.02202120397982732
Individuals,2023-11-01,0.04338204069601301,13.33054315266678,0.05314697569565929
Individuals,2023-12-01,-0.07506204991668865,13.342784739930437,0.04501969556226548
Individuals,2024-01-01,-0.04831734848978658,13.355026327194095,0.15512499289404147
Individuals,2024-02-01,-0.12174873283520607,13.36474476663922,0.1875135891844497
Individuals,2024-03-01,0.04270184702151181,13.374463206084346,-0.018633130257640573
Individuals,2024-04-01,0.05294225653591712,13.381829259235811,-0.002849120916502912
Individuals,2024-05-01,0.01920114340834672,13.389195312387278,0.028751383731218993
Individuals,2024-06-01,0.01602250503807388,13.39512133582793,-0.02313083249496195
Individuals,2024-07-01,9.273463459352249e-4,13.401047359268583,0.0046860225283413826
Individuals,2024-08-01,0.03890636195189137,13.40871088687118,-0.0064751022217173215
Individuals,2024-09-01,-0.020639424553476202,13.416374414473776,-0.018685467458601224
Individuals,2024-10-01,0.051684028557950845,13.421949423084493,0.030689827145334192
Individuals,2024-11-01,0.04338204069601301,13.427524431695211,-0.034545824609578446
Individuals,2024-12-01,-0.07506204991668865,13.430404934559576,6.354272762774116e-4
Individuals,2025-01-01,-0.04831734848978658,13.433285437423939,0.07139088933073978
Individuals,2025-02-01,-0.12174873283520607,13.435408899839357,0.0763488882343264
Individuals,2025-03-01,0.04270184702151181,13.437532362254776,-0.010806320558343074
Individuals,2025-04-01,0.05294225653591712,13.439660660267673,0.013959711413656706
Individuals,2025-05-01,0.01920114340834672,13.44178895828057,-0.029013409293430215
Individuals,2025-06-01,0.01602250503807388,13.442406189528253,-0.07167234268816891
Individuals,2025-07-01,9.273463459352249e-4,13.443023420775937,0.0336652432162694
Individuals,2025-08-01,0.03890636195189137,13.443710159096529,-0.057180368018416416
Individuals,2025-09-01,-0.020639424553476202,13.44439689741712,0.0018182554957260066
Individuals,2025-10-01,0.051684028557950845,13.444018111873822,0.03922376536731065
Individuals,2025-11-01,0.04338204069601301,13.443639326330524,0.02671360315200033
Individuals,2025-12-01,-0.07506204991668865,13.442109021357595,0.0030573458221425653
Individuals,2026-01-01,-0.04831734848978658,13.440578716384666,-4.6110377692443194e-4
Individuals,2026-02-01,-0.12174873283520607,13.43923991695816,0.24749242113440673
Individuals,2026-03-01,0.04270184702151181,13.437901117531654,0.08633853600568386
Individuals,2026-04-01,0.05294225653591712,13.436235093301473,-0.0021458591576468677
Individuals,2026-05-01,0.01920114340834672,13.434569069071294,-0.057366641362886384
Individuals,2026-06-01,0.01602250503807388,13.432374119842487,-0.010107557647845766
Individuals,2026-07-01,9.273463459352249e-4,13.43017917061368,0.0029971979895648815
Pounds,2022-01-01,-0.017442676030128015,15.94820684113899,-0.014949665367371523
Pounds,2022-02-01,-0.12792895839093676,15.95892518417304,-0.023757790355396935
Pounds,2022-03-01,0.0043520039022163825,15.969643527207092,-0.012456408378687556
Pounds,2022-04-01,0.007998942232391353,15.979971967300575,0.015607575755268499
Pounds,2022-05-01,0.013384646756105964,15.990300407394058,0.02591599638628672
Pounds,2022-06-01,-0.016938093316159614,16.000484849209347,0.04063053203432432
Pounds,2022-07-01,5.454681633033431e-4,16.010669291024634,-0.033575566725271955
Pounds,2022-08-01,0.05375137247498332,16.02080269706782,0.01996364359433045
Pounds,2022-09-01,-0.02481760616721903,16.030936103111003,0.01923077785516014
Pounds,2022-10-01,0.05649505880928923,16.040501000703458,0.0051695697234244165
Pounds,2022-11-01,0.04982532777936128,16.05006589829591,0.013271528128957044
Pounds,2022-12-01,7.745056260842726e-4,16.061579310002678,-0.04068648035576672
Pounds,2023-01-01,-0.017442676030128015,16.073092721709447,-0.043376394624079495
Pounds,2023-02-01,-0.12792895839093676,16.0866865167392,-0.045065978456417355
Pounds,2023-03-01,0.0043520039022163825,16.100280311768948,0.029077231497101508
Pounds,2023-04-01,0.007998942232391353,16.11515823223641,-0.05137675535310038
Pounds,2023-05-01,0.013384646756105964,16.130036152703877,0.021578992052351254
Pounds,2023-06-01,-0.016938093316159614,16.14753984668161,0.06489946954016546
Pounds,2023-07-01,5.454681633033431e-4,16.165043540659344,-0.04083920294019805
Pounds,2023-08-01,0.05375137247498332,16.181721553044017,0.0382175856501803
Pounds,2023-09-01,-0.02481760616721903,16.19839956542869,0.001371772997050158
Pounds,2023-10-01,0.05649505880928923,16.210943242042404,-0.026393329165877333
Pounds,2023-11-01,0.04982532777936128,16.223486918656114,0.03238378544239495
Pounds,2023-12-01,7.745056260842726e-4,16.233376423908716,-0.01653624027464673
Pounds,2024-01-01,-0.017442676030128015,16.243265929161314,0.06242464300008521
Pounds,2024-02-01,-0.12792895839093676,16.251337739715723,0.11338672488236412
Pounds,2024-03-01,0.0043520039022163825,16.259409550270128,-0.05123572140347221
Pounds,2024-04-01,0.007998942232391353,16.265451587398566,0.0102917663195079
Pounds,2024-05-01,0.013384646756105964,16.271493624527004,0.021075823745434263
Pounds,2024-06-01,-0.016938093316159614,16.275716544629603,-0.019744432443946636
Pounds,2024-07-01,5.454681633033431e-4,16.279939464732198,0.03736166832536014
Pounds,2024-08-01,0.05375137247498332,16.282909206387963,-0.006719821108603696
Pounds,2024-09-01,-0.02481760616721903,16.285878948043727,-0.026770301572163646
Pounds,2024-10-01,0.05649505880928923,16.28674910186568,0.026348070973497784
Pounds,2024-11-01,0.04982532777936128,16.287619255687638,-0.028450155463414006
Pounds,2024-12-01,7.745056260842726e-4,16.285901512493325,0.03954472313341739
Pounds,2025-01-01,-0.017442676030128015,16.28418376929901,0.015748123308412687
Pounds,2025-02-01,-0.12792895839093676,16.28183999135117,0.03982494014649873
Pounds,2025-03-01,0.0043520039022163825,16.27949621340333,-0.010935930603558575
Pounds,2025-04-01,0.007998942232391353,16.27751344687112,0.01672549604267104
Pounds,2025-05-01,0.013384646756105964,16.275530680338903,-0.03862734327765338
Pounds,2025-06-01,-0.016938093316159614,16.273765691820273,-0.05018843554134378
Pounds,2025-07-01,5.454681633033431e-4,16.27200070330164,0.027749187752991844
Pounds,2025-08-01,0.05375137247498332,16.27264451769994,-0.05818619364602995
Pounds,2025-09-01,-0.02481760616721903,16.273288332098243,0.008495932376813897
Pounds,2025-10-01,0.05649505880928923,16.276282180884273,-0.0019669354251945492
Pounds,2025-11-01,0.04982532777936128,16.2792760296703,-0.013291589493974243
Pounds,2025-12-01,7.745056260842726e-4,16.282364518945244,0.02059477719765823
Pounds,2026-01-01,-0.017442676030128015,16.285453008220188,-0.004899853361369111
Pounds,2026-02-01,-0.12792895839093676,16.28887453105994,0.1705820129438571
Pounds,2026-03-01,0.0043520039022163825,16.292296053899694,0.049917923478886905
Pounds,2026-04-01,0.007998942232391353,16.295760820772536,0.002869313495338588
Pounds,2026-05-01,0.013384646756105964,16.29922558764538,-0.11260092051384873
Pounds,2026-06-01,-0.016938093316159614,16.30249688355693,-0.017976685781075474
Pounds,2026-07-01,5.454681633033431e-4,16.30576817946848,0.010230697607855888
CPI (Midwest),2022-01-01,0.0013259621480599404,5.5920960836855365,-0.05066549811131171
CPI (Midwest),2022-02-01,0.0017317025328518886,5.597635864983754,-0.04408896816235064
CPI (Midwest),2022-03-01,7.423451077804752e-4,5.603175646281971,-0.031212780340493573
CPI (Midwest),2022-04-01,-7.985958475605853e-4,5.608540347583124,-0.020489348023975396
CPI (Midwest),2022-05-01,-2.2569477415347182e-4,5.613905048884276,-0.010535228776419103
CPI (Midwest),2022-06-01,-9.061066936586642e-4,5.619035253186475,-0.0044209164382209565
CPI (Midwest),2022-07-01,7.803893012230763e-4,5.624165457488672,0.0032434507774476984
CPI (Midwest),2022-08-01,0.002543440434884558,5.629101736931183,0.003951243095702495
CPI (Midwest),2022-09-01,0.003843780741370428,5.634038016373693,0.0014830379859827048
CPI (Midwest),2022-10-01,6.973603115871667e-4,5.638542560096205,0.0028763485050546933
CPI (Midwest),2022-11-01,-0.0039061332013881336,5.643047103818718,0.0034786123812144965
CPI (Midwest),2022-12-01,-0.005828449354264228,5.646598895275612,0.005029746196505869
CPI (Midwest),2023-01-01,0.0013259621480599404,5.6501506867325055,0.0035181616030781626
CPI (Midwest),2023-02-01,0.0017317025328518886,5.652729016508321,0.0032882882629872157
CPI (Midwest),2023-03-01,7.423451077804752e-4,5.655307346284136,1.2392108283165726e-4
CPI (Midwest),2023-04-01,-7.985958475605853e-4,5.657029246051393,0.0015043955434741463
CPI (Midwest),2023-05-01,-2.2569477415347182e-4,5.65875114581865,0.005115353174086401
CPI (Midwest),2023-06-01,-9.061066936586642e-4,5.659908090182448,0.001371820750390107
CPI (Midwest),2023-07-01,7.803893012230763e-4,5.6610650345462465,0.0037608586201116623
CPI (Midwest),2023-08-01,0.002543440434884558,5.6619555286009735,-0.0011739720109327223
CPI (Midwest),2023-09-01,0.003843780741370428,5.6628460226557,-0.0012012714785498702
CPI (Midwest),2023-10-01,6.973603115871667e-4,5.663554610036536,-8.40203168606557e-4
CPI (Midwest),2023-11-01,-0.0039061332013881336,5.664263197417372,-0.0024021465867871683
CPI (Midwest),2023-12-01,-0.005828449354264228,5.664920916561616,3.9671716910305577e-4
CPI (Midwest),2024-01-01,0.0013259621480599404,5.6655786357058595,0.0012437906723992143
CPI (Midwest),2024-02-01,0.0017317025328518886,5.666399514386378,4.90292643381629e-4
CPI (Midwest),2024-03-01,7.423451077804752e-4,5.667220393066897,1.165628592145751e-4
CPI (Midwest),2024-04-01,-7.985958475605853e-4,5.668339391139865,-7.439334880752213e-4
CPI (Midwest),2024-05-01,-2.2569477415347182e-4,5.669458389212833,-0.0014367020368863948
CPI (Midwest),2024-06-01,-9.061066936586642e-4,5.670795831382907,-0.0015271952643081121
CPI (Midwest),2024-07-01,7.803893012230763e-4,5.672133273552981,6.329470720336516e-4
CPI (Midwest),2024-08-01,0.002543440434884558,5.673628242225469,-0.005883945888061959
CPI (Midwest),2024-09-01,0.003843780741370428,5.675123210897958,-0.001987187514129296
CPI (Midwest),2024-10-01,6.973603115871667e-4,5.676786250574084,3.4153509715295627e-4
CPI (Midwest),2024-11-01,-0.0039061332013881336,5.678449290250209,0.0040001390103512335
CPI (Midwest),2024-12-01,-0.005828449354264228,5.68027058921462,-3.322405842842713e-4
CPI (Midwest),2025-01-01,0.0013259621480599404,5.682091888179032,0.0019154806605783392
CPI (Midwest),2025-02-01,0.0017317025328518886,5.6839664445703075,-0.003949988108187696
CPI (Midwest),2025-03-01,7.423451077804752e-4,5.685841000961584,0.003958524048355727
CPI (Midwest),2025-04-01,-7.985958475605853e-4,5.687507541113588,-0.0026870987879812347
CPI (Midwest),2025-05-01,-2.2569477415347182e-4,5.689174081265591,-0.0016341045425436462
CPI (Midwest),2025-06-01,-9.061066936586642e-4,5.690620029772225,0.005021079691287511
CPI (Midwest),2025-07-01,7.803893012230763e-4,5.692065978278858,-0.0030039387825784303
CPI (Midwest),2025-08-01,0.002543440434884558,5.693603575609323,0.003650863981545349
CPI (Midwest),2025-09-01,0.003843780741370428,5.695141172939789,0.0030459879362352282
CPI (Midwest),2025-10-01,6.973603115871667e-4,5.697032331073703,-9.449773774221626e-4
CPI (Midwest),2025-11-01,-0.0039061332013881336,5.698923489207616,-0.003506537729072612
CPI (Midwest),2025-12-01,-0.005828449354264228,5.700831438434669,-0.003195259688832053
CPI (Midwest),2026-01-01,0.0013259621480599404,5.7027393876617225,-0.00918908462457857
CPI (Midwest),2026-02-01,0.0017317025328518886,5.704605166578741,0.0014276666051804554
CPI (Midwest),2026-03-01,7.423451077804752e-4,5.706470945495759,-0.002511238887954903
CPI (Midwest),2026-04-01,-7.985958475605853e-4,5.708382837619083,0.0034915717121437595
CPI (Midwest),2026-05-01,-2.2569477415347182e-4,5.710294729742406,0.007379630451762154
CPI (Midwest),2026-06-01,-9.061066936586642e-4,5.712266231289625,0.0011937684473206644
CPI (Midwest),2026-07-01,7.803893012230763e-4,5.714237732836844,-0.0030194927105258174
