fips,year,county,population,poverty_rate,snap_hh_rate,poor_no_snap_rate,med_income,no_vehicle_rate
27001,2022,Aitkin,15859,0.12356818327254111,0.0765043401500662,0.10210386935412682,56406,0.05178755333235251
27003,2022,Anoka,363985,0.06337549676771655,0.06421608750651091,0.04290497804896198,95782,0.047429124190788007
27005,2022,Becker,35202,0.10876430537447486,0.10718834017263337,0.05695486061978208,68683,0.051223998867977925
27007,2022,Beltrami,46274,0.16142486754593618,0.13726916620033575,0.0804141018466704,62173,0.06877448237269167
27009,2022,Benton,41300,0.0932297447280799,0.0763241785188818,0.04935017165277097,70346,0.05302844531633154
27011,2022,Big Stone,5161,0.10472567080496596,0.07270294380017842,0.06601248884924175,63024,0.04727921498661909
27013,2022,Blue Earth,69022,0.1640409339779469,0.07679822943563261,0.12807082257469568,70906,0.0699741792696422
27015,2022,Brown,25880,0.07730753728335349,0.053450485081457076,0.06745377997437306,67038,0.04649460003660992
27017,2022,Carlton,36362,0.12727641217174787,0.08126132656759695,0.056324755346139906,74660,0.047770931496919175
27019,2022,Carver,107216,0.03783156842591632,0.03387371796503194,0.030437991499758225,116308,0.04003257577685593
27021,2022,Cass,30288,0.12230890280242408,0.10334882230411793,0.07843294343855152,61970,0.044704374298990546
27023,2022,Chippewa,12466,0.1121771217712177,0.06646177487514407,0.090472531694199,62112,0.07414521705724164
27025,2022,Chisago,56927,0.06256872465074358,0.05379943570369662,0.04165271866481756,97446,0.04045717564917986
27027,2022,Clay,65307,0.1474871662831303,0.08948730009407338,0.10058011915961117,75006,0.08396048918156161
27029,2022,Clearwater,8541,0.1125164061567832,0.12359198998748436,0.08792240300375469,62723,0.0851063829787234
27031,2022,Cook,5611,0.08583768220262732,0.05464071856287425,0.05875748502994012,71937,0.03967065868263473
27033,2022,Cottonwood,11481,0.12857396554786005,0.08497723823975721,0.07652287014957729,63586,0.05614567526555387
27035,2022,Crow Wing,66558,0.10432488486290298,0.07522831455882875,0.06858320599836537,65975,0.048008244198855764
27037,2022,Dakota,439179,0.05642111250507446,0.04686430072489434,0.041008476777407855,101360,0.044508984439564594
27039,2022,Dodge,20893,0.04937193850332218,0.03513478983007538,0.03641241855116903,92890,0.03781781014437204
27041,2022,Douglas,39081,0.08511024643320363,0.04758868536981219,0.06978900996985857,72472,0.054370507767215394
27043,2022,Faribault,13931,0.11426262032478507,0.07226107226107226,0.07226107226107226,64000,0.05144855144855145
27045,2022,Fillmore,21251,0.08714333993144402,0.07021276595744681,0.05709219858156028,73234,0.06170212765957447
27047,2022,Freeborn,30857,0.09545004945598418,0.078277734678045,0.0626066718386346,65679,0.06330488750969744
27049,2022,Goodhue,47697,0.09087024336046835,0.057861763357612186,0.07095196862425508,78338,0.0657566342382723
27051,2022,Grant,6091,0.10108243130724397,0.07519685039370079,0.07834645669291339,67600,0.04212598425196851
27053,2022,Hennepin,1270787,0.09842650846328306,0.07718291435819208,0.061730075288878306,92595,0.08909152428316784
27055,2022,Houston,18826,0.07192812567247686,0.03612356751370204,0.06439960139511709,71580,0.034753363228699555
27057,2022,Hubbard,21479,0.10138139842936891,0.08669400774663932,0.0645933014354067,67197,0.05217589428115744
27059,2022,Isanti,41257,0.08786180910670158,0.0722450552273311,0.04553043924993578,84063,0.03262265604931929
27061,2022,Itasca,45054,0.11760818540209193,0.1029744495336902,0.061751558964737045,63962,0.055626069201478945
27063,2022,Jackson,9990,0.09736761866043298,0.06262810293782738,0.06581644272375313,68368,0.04850831245729902
27065,2022,Kanabec,16145,0.09770404945124259,0.0895980362074256,0.055998772629640994,68995,0.045412703283215713
27067,2022,Kandiyohi,43686,0.10900462799821457,0.09936945352638954,0.06188696870621205,73285,0.0554063521718823
27069,2022,Kittson,4191,0.10995284189625217,0.053426248548199766,0.07781649245063879,66000,0.04645760743321719
27071,2022,Koochiching,12072,0.1169516033001616,0.09188146589514291,0.07119060143783973,59779,0.06908644573031737
27073,2022,Lac qui Parle,6736,0.08674478770354588,0.06272022551092318,0.05919661733615222,66967,0.034178999295278366
27075,2022,Lake,10915,0.0860345632881831,0.06830818109610802,0.0641382049245433,73860,0.04328832406671962
27077,2022,Lake of the Woods,3786,0.1068559185859668,0.06433823529411764,0.06862745098039216,61667,0.02389705882352941
27079,2022,Le Sueur,28795,0.07445726510714411,0.05952380952380952,0.050088183421516753,87180,0.02821869488536155
27081,2022,Lincoln,5630,0.09117647058823529,0.07439375256884505,0.08179202630497329,64750,0.030415125359638306
27083,2022,Lyon,25352,0.12364247366911192,0.07940346634421604,0.10217654171704958,68919,0.07295445384925434
27085,2022,McLeod,36727,0.07121620877608324,0.06239460370994941,0.06016863406408095,73296,0.039865092748735245
27087,2022,Mahnomen,5389,0.20561989747484336,0.22245875465673232,0.08994145822245875,52739,0.08195848855774349
27089,2022,Marshall,9017,0.07412017653049678,0.04538174052322477,0.046983449012279764,69396,0.03897490656700481
27091,2022,Martin,19960,0.11703478040111703,0.0935738444193912,0.07485907553551296,61674,0.060879368658399095
27093,2022,Meeker,23352,0.07558342041100662,0.07064066852367688,0.04924791086350975,75926,0.04635097493036212
27095,2022,Mille Lacs,26680,0.10986950365466304,0.1043997724255642,0.059927934761995066,68088,0.0667551678361464
27097,2022,Morrison,34023,0.10307305990673203,0.06998104679982504,0.0800408222772999,66264,0.051975506633620064
27099,2022,Mower,40082,0.11870229007633588,0.10553887433718775,0.06196895163866351,66972,0.05941353095253306
27101,2022,Murray,8170,0.07396817503729487,0.057757644394110984,0.06455266138165346,71500,0.04077010192525481
27103,2022,Nicollet,34380,0.10342994715942845,0.07000696972043677,0.061875629210872765,79113,0.05266010996670022
27105,2022,Nobles,22194,0.1224105461393597,0.0715307582260372,0.09272987384575368,62973,0.07127064637794252
27107,2022,Norman,6457,0.08940502704422526,0.09473684210526316,0.06954887218045112,65278,0.05112781954887218
27109,2022,Olmsted,162307,0.0787237111979477,0.06986509019251175,0.04918902531453691,90420,0.06733363650144004
27111,2022,Otter Tail,60072,0.08657495256166983,0.06571657968687274,0.0637093536732236,67990,0.055800883179446
27113,2022,Pennington,13995,0.09625862695241555,0.060650406504065044,0.06878048780487805,71504,0.04715447154471545
27115,2022,Pine,29090,0.10637989191541837,0.10421792618629173,0.07161687170474516,65059,0.061511423550087874
27117,2022,Pipestone,9380,0.13035908596300327,0.07994955863808323,0.060025220680958384,68341,0.05573770491803279
27119,2022,Polk,31128,0.1156,0.10711994868505452,0.06334188582424631,69540,0.06526619627966646
27121,2022,Pope,11312,0.09618678445866763,0.07902797631202778,0.07392280988360221,71212,0.046354911170104145
27123,2022,Ramsey,547202,0.1289337646807442,0.11100664150178136,0.06523973470864501,78108,0.10330047149592798
27125,2022,Red Lake,3912,0.09307692307692307,0.08608058608058608,0.06715506715506715,73889,0.045177045177045176
27127,2022,Redwood,15428,0.10073612308508521,0.0660082304526749,0.08674897119341564,65617,0.04246913580246914
27129,2022,Renville,14707,0.10392964333077406,0.07794417971409122,0.058032675289312455,66313,0.06279782164737917
27131,2022,Rice,67152,0.09245942403978628,0.06438856651622608,0.06640876853642812,78214,0.04968837309262841
27133,2022,Rock,9659,0.08794130157379838,0.07596227377007392,0.05225592658679582,75060,0.06143257710935508
27135,2022,Roseau,15294,0.10387452648368446,0.05246014057946168,0.07371849819989713,70122,0.05366020915480885
27137,2022,St. Louis,200122,0.13726660060493182,0.09760166110631548,0.09069593822177635,66491,0.08527167953712993
27139,2022,Scott,151347,0.05030752036193038,0.05104312068510205,0.03551891953069001,118268,0.02953936695967103
27141,2022,Sherburne,97820,0.05815410315305909,0.04258413566421362,0.049885104278774836,99431,0.04101340934873033
27143,2022,Sibley,14950,0.08633968382650993,0.056783407004420264,0.058653519211152666,74781,0.049642978578714726
27145,2022,Stearns,158622,0.12671691572340257,0.09862995587433275,0.07676543985192286,73105,0.05617346179907121
27147,2022,Steele,37396,0.08461204793146451,0.06808340550263141,0.05436013590033975,79722,0.07427886216774365
27149,2022,Stevens,9682,0.11712482618461867,0.09662980516061084,0.0924170616113744,69737,0.04318062137967351
27151,2022,Swift,9806,0.10721692243882207,0.11410688493018777,0.06620125180548869,58362,0.045979778526721235
27153,2022,Todd,25277,0.1200433891768109,0.06982696836285451,0.08999692843247671,63216,0.06102180812941538
27155,2022,Traverse,3345,0.08412942989214175,0.13189113747383113,0.05443126308443824,63456,0.051639916259595256
27157,2022,Wabasha,21460,0.07571543067276414,0.050493011160472424,0.05775273594105537,75063,0.04735074222559324
27159,2022,Wadena,14108,0.1193227236392704,0.1531217300313917,0.07063132193930938,54747,0.09103592605510986
27161,2022,Waseca,18953,0.06614764507757716,0.06659548912318164,0.0556519418123582,71856,0.0332310156145736
27163,2022,Washington,268651,0.0466765975901797,0.04042420708263736,0.03797305711772438,110828,0.04132362098105301
27165,2022,Watonwan,11205,0.1326521385297043,0.08765403394559405,0.08579400139502441,65197,0.06510113926993723
27167,2022,Wilkin,6454,0.135378775897517,0.07836520434945632,0.09073865766779153,67114,0.05249343832020997
27169,2022,Winona,49792,0.14021727438958803,0.059312391788276034,0.10304229532525352,66162,0.07261934207271828
27171,2022,Wright,142543,0.04792949670843066,0.040971993090464454,0.042175339168914854,102980,0.027754595035226984
27173,2022,Yellow Medicine,9569,0.10012768674185997,0.05530417295123177,0.07667169431875315,70605,0.05379587732528909
27001,2023,Aitkin,15930,0.12347803914068975,0.0798846431146359,0.09516943042537851,59498,0.0471521268925739
27003,2023,Anoka,367095,0.06646246569918668,0.0674739849160247,0.045281300717480225,98764,0.04620660786804826
27005,2023,Becker,35260,0.11002749240341485,0.09872257706192725,0.060122188281033044,71117,0.05304082199389058
27007,2023,Beltrami,46421,0.15957111321349732,0.13770381952200134,0.0756645074826893,67257,0.0640495867768595
27009,2023,Benton,41458,0.09763524298308081,0.08706196192554869,0.053413362434824786,71480,0.05959742936825512
27011,2023,Big Stone,5152,0.1146062913243839,0.08811381367599816,0.06700321248279027,65475,0.03900871959614502
27013,2023,Blue Earth,69386,0.16279282159002695,0.07938785270205644,0.12136261634109553,72623,0.07379612257661038
27015,2023,Brown,25826,0.07709090909090908,0.05856020464096474,0.06760460442170656,68690,0.046957792801023204
27017,2023,Carlton,36457,0.1111432204369437,0.07150014314342971,0.05339249928428285,80042,0.04738047523618666
27019,2023,Carver,108622,0.04220933371812655,0.03064800775521364,0.034724466207650816,123144,0.03708582933558698
27021,2023,Cass,30688,0.127480437151253,0.1055764411027569,0.08380325814536341,64937,0.045034461152882205
27023,2023,Chippewa,12388,0.14447474997933712,0.075635103926097,0.08852963818321787,69192,0.07486528098537336
27025,2023,Chisago,57434,0.05932248790156967,0.050818746470920384,0.04324298889516281,98260,0.040654997176736304
27027,2023,Clay,65628,0.14379951443904931,0.08766721924515208,0.10154593469293342,77664,0.08620224372566405
27029,2023,Clearwater,8579,0.11199809364946979,0.12850539291217258,0.09060092449922959,64934,0.07704160246533127
27031,2023,Cook,5633,0.11270638908829864,0.06407407407407407,0.06111111111111111,71643,0.024444444444444446
27033,2023,Cottonwood,11458,0.14206773618538324,0.08263575874651213,0.08456750375617085,68239,0.05623524361450955
27035,2023,Crow Wing,67113,0.09670682244687935,0.08131211341997359,0.06650913892556815,71343,0.047501563694488845
27037,2023,Dakota,442204,0.0558066256707746,0.04829575249082328,0.04226533822758259,105212,0.04806851948959972
27039,2023,Dodge,20962,0.054486559659640305,0.03704165627338488,0.0385382888500873,92943,0.04115739585931654
27041,2023,Douglas,39354,0.08282208588957055,0.05380110243454295,0.06832797427652733,77264,0.04909278824069821
27043,2023,Faribault,13909,0.11814376973346061,0.09675850891410048,0.08638573743922204,64391,0.050243111831442464
27045,2023,Fillmore,21346,0.08915119236121108,0.07326686760955252,0.05877579411082773,75225,0.058891722698817525
27047,2023,Freeborn,30752,0.09802557476976081,0.09383003492433062,0.06627861854870004,69012,0.05960419091967404
27049,2023,Goodhue,47844,0.09264828203979782,0.07055167846772961,0.06866690438592023,82749,0.06744434822474657
27051,2023,Grant,6108,0.10698291590645215,0.07060690202300675,0.07774692582308608,72957,0.04085680285600952
27053,2023,Hennepin,1268903,0.10006751229630914,0.07872077340232297,0.061621144352595435,96339,0.088609039364128
27055,2023,Houston,18768,0.06542963482388478,0.040128808521179095,0.06415655189497152,77087,0.03529848897696309
27057,2023,Hubbard,21700,0.09676364825106244,0.09127743387732133,0.06257737760270118,70622,0.05368598761958357
27059,2023,Isanti,41934,0.07808995538405884,0.06651968503937009,0.048,86573,0.03395275590551181
27061,2023,Itasca,45141,0.12719747106047166,0.10561858454889249,0.07331172339276067,66380,0.04991896272285251
27063,2023,Jackson,9964,0.09126094927683846,0.0572268717484732,0.06627459850712508,69955,0.049762497172585386
27065,2023,Kanabec,16261,0.09757011680929477,0.09266409266409266,0.05806949806949807,71915,0.04525096525096525
27067,2023,Kandiyohi,43757,0.09999295824237729,0.10710601719197707,0.06504297994269341,75097,0.06137535816618911
27069,2023,Kittson,4163,0.09679024632993281,0.04778156996587031,0.07508532423208192,69615,0.040386803185438
27071,2023,Koochiching,11950,0.1071121800377942,0.0924693520140105,0.05464098073555167,69115,0.07985989492119089
27073,2023,Lac qui Parle,6694,0.07957153787299158,0.08503991669559181,0.05761888233252343,71639,0.03019784796945505
27075,2023,Lake,10911,0.08331778316850158,0.08409542743538767,0.06322067594433399,75621,0.03876739562624255
27077,2023,Lake of the Woods,3800,0.0815347721822542,0.04924924924924925,0.07327327327327328,70091,0.026426426426426425
27079,2023,Le Sueur,28936,0.07094276446583656,0.0633968171145317,0.053135055222193237,90218,0.033220280024349944
27081,2023,Lincoln,5594,0.09164818920916482,0.06652977412731007,0.08254620123203285,67715,0.026283367556468172
27083,2023,Lyon,25498,0.12456971611387843,0.09357192842147356,0.0864740577826652,72761,0.08327501749475158
27085,2023,McLeod,36771,0.0772180534098433,0.06512591009284617,0.061184957584663684,78468,0.033731881637833146
27087,2023,Mahnomen,5371,0.2092758030792625,0.2159273115980759,0.09086050240513095,53925,0.09032602886157136
27089,2023,Marshall,8961,0.07440645234579121,0.04732620320855615,0.05,71701,0.039572192513368985
27091,2023,Martin,19864,0.11057839436907069,0.09694570135746607,0.06346153846153846,62969,0.08438914027149322
27093,2023,Meeker,23422,0.08306584540643706,0.07012361886008095,0.05688655508150093,75037,0.04463406629471611
27095,2023,Mille Lacs,26912,0.10541267376235748,0.09935748207468106,0.06378619983238663,71455,0.056243598100381785
27097,2023,Morrison,34131,0.09967183770883055,0.0715007215007215,0.08037518037518038,68640,0.04401154401154401
27099,2023,Mower,40069,0.12147538484987044,0.11535003211303789,0.06608863198458574,71495,0.05940912010276172
27101,2023,Murray,8119,0.08088511063882986,0.0663704526520411,0.0663704526520411,74475,0.04165509580672035
27103,2023,Nicollet,34350,0.09600426546230084,0.07455329636475662,0.05791743684534812,80362,0.05345040049291436
27105,2023,Nobles,22067,0.12609740319748636,0.07296137339055794,0.09403043308622708,65509,0.06346729093510209
27107,2023,Norman,6411,0.10259282970550576,0.09828101644245142,0.06801195814648729,69833,0.052316890881913304
27109,2023,Olmsted,163425,0.07920705724039971,0.07017965150309925,0.04934788155307749,93494,0.06759819297903315
27111,2023,Otter Tail,60281,0.08900028693435955,0.07013224256383782,0.0690997180413804,70912,0.05647114888209364
27113,2023,Pennington,13877,0.09921479415865561,0.08298217179902755,0.06790923824959481,72561,0.06158833063209076
27115,2023,Pine,29411,0.10502741247715627,0.10366826156299841,0.07361705699655838,69666,0.05909510618651893
27117,2023,Pipestone,9352,0.11382734912146678,0.09947116595316041,0.0627046084109796,66073,0.05766809367917401
27119,2023,Polk,30905,0.1165534861830162,0.11527956298200515,0.0663560411311054,69136,0.060330976863753216
27121,2023,Pope,11363,0.09803745855363384,0.07960697814317225,0.07379185883296571,72205,0.052937637858431925
27123,2023,Ramsey,544438,0.1240255298460634,0.11062878009813991,0.06272281182243523,81004,0.09967819239986306
27125,2023,Red Lake,3922,0.07802507035047326,0.06545454545454546,0.06909090909090909,77500,0.03515151515151515
27127,2023,Redwood,15383,0.12023090704001062,0.08300844704353476,0.09226770630279402,67024,0.049545159194282
27129,2023,Renville,14587,0.10749139928385874,0.08935456831517184,0.0625314333612741,69086,0.06202849958088852
27131,2023,Rice,67389,0.09297572579699462,0.07312058256585993,0.06678089526665239,82792,0.05345898479331763
27133,2023,Rock,9628,0.09478622454419448,0.07204246713852376,0.06572295247724974,70698,0.05990899898887765
27135,2023,Roseau,15301,0.10990763505880789,0.05249257180587653,0.08336084516342027,73611,0.05447342357213602
27137,2023,St. Louis,200056,0.1339111334448871,0.09716683668737829,0.08887832699619772,69455,0.08291987387554484
27139,2023,Scott,152957,0.04123151861705648,0.04583502341531767,0.03366643312806519,120247,0.030458350234153178
27141,2023,Sherburne,99178,0.04841383428918566,0.04494864238505336,0.043603902606506255,102965,0.04214471688935939
27143,2023,Sibley,14933,0.09887579574698632,0.07154996600951734,0.05761386811692726,76082,0.04860639021074099
27145,2023,Stearns,159358,0.12156018812263293,0.09143869898419679,0.08320068267226809,76447,0.055253786697737006
27147,2023,Steele,37413,0.07442339485595034,0.06412905806279581,0.047796813545763615,83448,0.06519565362309179
27149,2023,Stevens,9686,0.1033739355395063,0.10664928292046937,0.08135593220338982,71060,0.04458930899608866
27151,2023,Swift,9787,0.10833593506088042,0.11103047895500726,0.06507014997581036,62601,0.04692791485244315
27153,2023,Todd,25402,0.11769642714411319,0.07503234152652005,0.08796895213454076,63039,0.06697183799383023
27155,2023,Traverse,3279,0.10103871576959396,0.14042553191489363,0.06808510638297872,65931,0.04113475177304964
27157,2023,Wabasha,21519,0.08438996900535362,0.05334647825610691,0.06747727023770402,80133,0.04852667323912805
27159,2023,Wadena,14135,0.11379285351888091,0.15928001358464935,0.07148921718458143,56882,0.08897945321786381
27161,2023,Waseca,18958,0.07247259439707673,0.07888074616922051,0.06435709526982011,75052,0.04237175216522319
27163,2023,Washington,272298,0.05012005917467681,0.043506009998936286,0.03971531075030703,114457,0.0389513688098945
27165,2023,Watonwan,11169,0.13043083900226757,0.0927213722763097,0.08136300417246176,70593,0.06791840519239685
27167,2023,Wilkin,6413,0.14674952198852773,0.1073950204384987,0.08621330360460795,69635,0.06465997770345597
27169,2023,Winona,49705,0.13409129986244842,0.06363367507886436,0.09414432176656151,70198,0.06654179810725552
27171,2023,Wright,145270,0.049453637215110834,0.04063915688913319,0.041511079098508256,106666,0.028053149345110603
27173,2023,Yellow Medicine,9509,0.08487242446888012,0.059604307538191834,0.061357375406962185,71573,0.053844227397946406
27001,2024,Aitkin,16056,0.1311299292214358,0.08944890612018831,0.09595679867072833,60833,0.049709221822209916
27003,2024,Anoka,370349,0.07019413136840269,0.07166453227778101,0.048773211479131495,101869,0.04645933989172827
27005,2024,Becker,35343,0.12900622550149873,0.1157529493407356,0.06460791117279667,71388,0.05780707841776544
27007,2024,Beltrami,46512,0.16137952741743294,0.13465771516618974,0.08226942548976447,68975,0.05888179616993176
27009,2024,Benton,41593,0.0986573406050527,0.08565105568514864,0.061367306657096714,74410,0.06124768227764819
27011,2024,Big Stone,5127,0.12938816449348045,0.0950374531835206,0.06320224719101124,70400,0.04447565543071161
27013,2024,Blue Earth,69871,0.15671833648393194,0.08751720640440484,0.1134898210533942,74477,0.06600014489603709
27015,2024,Brown,25800,0.08467660485597706,0.06502221819171125,0.07653940328285118,69378,0.04851727577763671
27017,2024,Carlton,36518,0.1189445118078411,0.07352732434350603,0.06678495386799148,80573,0.056564939673527326
27019,2024,Carver,110041,0.044216594303338505,0.03652701882210079,0.03752276867030965,125946,0.03791135397692775
27021,2024,Cass,30992,0.12806352525978695,0.11581482056858786,0.08202578841075035,68874,0.04194500543731552
27023,2024,Chippewa,12377,0.14532814698336505,0.09832227857978931,0.07530238002341007,71458,0.06925477955520874
27025,2024,Chisago,57991,0.05951581551510868,0.05256506272233664,0.042267365661861074,99400,0.03903763340198465
27027,2024,Clay,66059,0.13264902026010233,0.09927388245972317,0.0966643975493533,81172,0.0906890552908252
27029,2024,Clearwater,8616,0.1257563174753826,0.13117699910152741,0.08864929619646601,64475,0.09224318658280922
27031,2024,Cook,5635,0.1016827783745077,0.041328413284132844,0.05719557195571956,72638,0.025461254612546124
27033,2024,Cottonwood,11458,0.15000892379082634,0.09438444924406048,0.08833693304535638,72941,0.05874730021598272
27035,2024,Crow Wing,67686,0.09867315081652257,0.0867968165430923,0.06921297870893137,72589,0.048806203659614994
27037,2024,Dakota,445771,0.058473760992199884,0.04862871497229901,0.04650095777749739,106318,0.049408701437239765
27039,2024,Dodge,21045,0.07040139447053696,0.06062105653841395,0.04033156006433255,95739,0.037857231226029936
27041,2024,Douglas,39575,0.08976762100397997,0.05953536160739768,0.07489011929904675,79043,0.05023117757862892
27043,2024,Faribault,13914,0.10368359260346345,0.10067445303503866,0.07896035532159895,66815,0.049350222075999345
27045,2024,Fillmore,21414,0.08385954841178722,0.06672016508082082,0.0645420153616875,77512,0.05777828728648401
27047,2024,Freeborn,30623,0.10625062373174544,0.09497119725984743,0.07161762416316363,71023,0.05815039701074264
27049,2024,Goodhue,47943,0.09277254460014034,0.07558169006944797,0.07406093171795002,84171,0.0680792822020581
27051,2024,Grant,6127,0.1161215725140403,0.08313253012048193,0.07911646586345382,73917,0.04578313253012048
27053,2024,Hennepin,1269496,0.09950824925329861,0.08115767952503554,0.06336134111100608,97653,0.09324310046654916
27055,2024,Houston,18653,0.06581303239108025,0.034300467174821735,0.06860093434964347,79825,0.03221047455126629
27057,2024,Hubbard,21831,0.1077436396496594,0.10229808121374387,0.06180276662204373,71995,0.04484605087014726
27059,2024,Isanti,42596,0.07453047463019684,0.06739090406923219,0.05192413920088382,87440,0.039157920579389924
27061,2024,Itasca,45275,0.12244759206798866,0.10679035650720026,0.07264980313898926,68603,0.04681516638800496
27063,2024,Jackson,9933,0.08600612870275792,0.05174378846592204,0.0697515386368817,75743,0.038978801002963304
27065,2024,Kanabec,16390,0.10016105054509415,0.09506398537477148,0.06550883607556368,71460,0.034277879341864714
27067,2024,Kandiyohi,44079,0.09107974692345129,0.10520933931716185,0.05953530648184968,76592,0.05464977560643072
27069,2024,Kittson,4084,0.09139240506329115,0.05073280721533258,0.06877113866967305,76100,0.03269447576099211
27071,2024,Koochiching,11833,0.10869565217391304,0.14424386920980928,0.039850136239782015,66940,0.08906675749318801
27073,2024,Lac qui Parle,6682,0.08135437413819518,0.08755129958960328,0.06395348837209303,74432,0.03419972640218878
27075,2024,Lake,10879,0.085634066448292,0.08619991906110887,0.06596519627681101,75541,0.03541076487252125
27077,2024,Lake of the Woods,3821,0.06352567496029646,0.02971931755641167,0.06053935057787562,77546,0.023665382498624106
27079,2024,Le Sueur,29113,0.06444452152197287,0.07390557939914164,0.048583690987124464,94968,0.03545064377682403
27081,2024,Lincoln,5603,0.11946902654867257,0.06993865030674846,0.09570552147239264,69694,0.033128834355828224
27083,2024,Lyon,25503,0.12173948154728256,0.09398496240601503,0.08537791848041155,75303,0.08250890383854373
27085,2024,McLeod,36798,0.08665118336651183,0.07781794281958594,0.06855077226421295,80084,0.033585277686493595
27087,2024,Mahnomen,5358,0.1833969465648855,0.21379310344827587,0.08275862068965517,59441,0.0896551724137931
27089,2024,Marshall,8909,0.08301972858934885,0.06506215286961121,0.05606982279820153,72543,0.04601957154192013
27091,2024,Martin,19780,0.1312919248297404,0.12343025229098314,0.08123090847380926,59507,0.09944563864690575
27093,2024,Meeker,23468,0.09073985886834927,0.08430512463892158,0.05852145073285546,75446,0.0423665347170215
27095,2024,Mille Lacs,27125,0.10384543237666478,0.10963268365817092,0.06212518740629685,72729,0.054628935532233885
27097,2024,Morrison,34249,0.10950376474773225,0.08250497017892644,0.08193694973019029,69446,0.04849474581084919
27099,2024,Mower,40343,0.10394690354817544,0.10630447229467524,0.062026846491507096,73074,0.052166168331318784
27101,2024,Murray,8097,0.09318323952470293,0.06151288445552785,0.0712108617345525,74033,0.044610695483513436
27103,2024,Nicollet,34411,0.08008393623351812,0.0603753268727888,0.05229964620827565,79756,0.04053222581141363
27105,2024,Nobles,22041,0.14000277507978354,0.08978368517070628,0.09030492572322127,66101,0.055121188428459734
27107,2024,Norman,6367,0.10123734533183353,0.10888888888888888,0.06777777777777778,72260,0.05074074074074074
27109,2024,Olmsted,164498,0.07498825507504389,0.06799366388714546,0.050868226785020475,95406,0.06872590334439165
27111,2024,Otter Tail,60475,0.08726446837146702,0.06471359860078706,0.0732599276543308,72255,0.05596851770878881
27113,2024,Pennington,13791,0.10462538791192552,0.07233768326083455,0.07572096020621878,77325,0.057354599645561465
27115,2024,Pine,29640,0.1112726499060317,0.1090643512131786,0.08074332548892316,71146,0.06305282804511889
27117,2024,Pipestone,9284,0.10527472527472527,0.10803324099722991,0.0528834046839587,69628,0.06018635104507681
27119,2024,Polk,30705,0.11875761266747868,0.09951456310679611,0.07839805825242718,73107,0.07370550161812298
27121,2024,Pope,11418,0.09428749665805186,0.07139975796692215,0.07220653489310205,76220,0.05970149253731343
27123,2024,Ramsey,542945,0.12338218203463817,0.11436923646911583,0.06376086062703601,81568,0.10237792948894622
27125,2024,Red Lake,3915,0.07199590058929028,0.05326152004787552,0.06822262118491922,77188,0.03411131059245961
27127,2024,Redwood,15350,0.1326645851325317,0.09804544732242174,0.09423168600031781,67866,0.059748927379628156
27129,2024,Renville,14558,0.1104165203343401,0.08586525759577279,0.06605019815059446,70625,0.05746367239101717
27131,2024,Rice,67917,0.10204183101859525,0.07861916315498234,0.06525347975992848,83181,0.05597411995062359
27133,2024,Rock,9621,0.10619280698020855,0.06939281288723669,0.08674101610904585,71295,0.058240396530359353
27135,2024,Roseau,15302,0.12162431159179882,0.05479669631512071,0.10054002541296062,74474,0.0605146124523507
27137,2024,St. Louis,200123,0.1321018983187501,0.10199162027205418,0.08673592377891293,70069,0.07983699707283476
27139,2024,Scott,154557,0.04602589856504413,0.044805442869876845,0.03852940641429117,119314,0.031052736897636934
27141,2024,Sherburne,100560,0.050931979201508194,0.05006328223878498,0.04637884966952609,105466,0.041541274082407535
27143,2024,Sibley,15005,0.0900943396226415,0.08264462809917356,0.0617304773148929,77634,0.04098498903693709
27145,2024,Stearns,160865,0.12892949411101975,0.0945719264531049,0.08971874338387376,77066,0.059720209110304054
27147,2024,Steele,37439,0.08333784442158826,0.07656229356586075,0.05330955212049148,84196,0.06189721231338354
27149,2024,Stevens,9739,0.11129119394921665,0.09822576497814348,0.09874003599897146,75733,0.04988428902031371
27151,2024,Swift,9748,0.12026772641706755,0.12254307206988595,0.06745935452560058,60412,0.07085658820674594
27153,2024,Todd,25575,0.11498810467882632,0.07277892056028994,0.08845136644137526,67662,0.06474679204623371
27155,2024,Traverse,3243,0.11333970073225087,0.16933638443935928,0.060259344012204424,62989,0.057971014492753624
27157,2024,Wabasha,21565,0.07070612474246113,0.0553735255570118,0.06585845347313238,82007,0.05166011358671909
27159,2024,Wadena,14256,0.12475759534583064,0.1427396809735241,0.07778325933234666,61467,0.07630323959875021
27161,2024,Waseca,18885,0.07500980337236009,0.08800320984352013,0.07757121840310285,76261,0.048816370201952654
27163,2024,Washington,276238,0.05123631555622297,0.0408422288945509,0.04380688975818597,115345,0.03793439859060212
27165,2024,Watonwan,11205,0.13190489105867462,0.09439318665720368,0.0858765081618169,71699,0.07925242488762715
27167,2024,Wilkin,6371,0.14084281365165838,0.10583804143126177,0.08512241054613937,71410,0.06704331450094161
27169,2024,Winona,49779,0.14802054354804195,0.06897743544166296,0.10235520663605392,70744,0.053177307065619905
27171,2024,Wright,148269,0.05175329570692149,0.0437326421033142,0.04226995000925755,107209,0.029994445473060544
27173,2024,Yellow Medicine,9451,0.08556723139609693,0.07395577395577396,0.06068796068796069,74000,0.04594594594594595
