fips,rucc,metro
27001,8,FALSE
27003,1,TRUE
27005,6,FALSE
27007,7,FALSE
27009,3,TRUE
27011,9,FALSE
27013,3,TRUE
27015,6,FALSE
27017,2,TRUE
27019,1,TRUE
27021,9,FALSE
27023,7,FALSE
27025,1,TRUE
27027,3,TRUE
27029,8,FALSE
27031,9,FALSE
27033,9,FALSE
27035,4,FALSE
27037,1,TRUE
27039,3,TRUE
27041,6,FALSE
27043,8,FALSE
27045,3,TRUE
27047,7,FALSE
27049,6,FALSE
27051,9,FALSE
27053,1,TRUE
27055,3,TRUE
27057,9,FALSE
27059,1,TRUE
27061,6,FALSE
27063,9,FALSE
27065,8,FALSE
27067,4,FALSE
27069,9,FALSE
27071,7,FALSE
27073,9,FALSE
27075,8,FALSE
27077,9,FALSE
27079,1,TRUE
27081,9,FALSE
27083,7,FALSE
27085,4,FALSE
27087,8,FALSE
27089,8,FALSE
27091,6,FALSE
27093,6,FALSE
27095,1,TRUE
27097,6,FALSE
27099,4,FALSE
27101,9,FALSE
27103,3,TRUE
27105,7,FALSE
27107,8,FALSE
27109,3,TRUE
27111,6,FALSE
27113,6,FALSE
27115,8,FALSE
27117,8,FALSE
27119,3,TRUE
27121,8,FALSE
27123,1,TRUE
27125,8,FALSE
27127,9,FALSE
27129,9,FALSE
27131,4,FALSE
27133,2,TRUE
27135,9,FALSE
27137,2,TRUE
27139,1,TRUE
27141,1,TRUE
27143,8,FALSE
27145,3,TRUE
27147,5,FALSE
27149,7,FALSE
27151,9,FALSE
27153,8,FALSE
27155,9,FALSE
27157,3,TRUE
27159,9,FALSE
27161,6,FALSE
27163,1,TRUE
27165,8,FALSE
27167,8,FALSE
27169,4,FALSE
27171,1,TRUE
27173,9,FALSE
