fips,date,unemp_rate
27001,2026-07-01,5.9
27001,2026-06-01,6.3
27001,2026-05-01,5.7
27001,2026-04-01,7.6
27001,2026-03-01,9.7
27001,2026-02-01,9.6
27001,2026-01-01,10.2
27001,2025-12-01,9.2
27001,2025-11-01,7.4
27001,2025-10-01,NA
27001,2025-09-01,4.7
27001,2025-08-01,5.5
27001,2025-07-01,5.3
27001,2025-06-01,5.3
27001,2025-05-01,4.9
27001,2025-04-01,7.1
27001,2025-03-01,8.3
27001,2025-02-01,8.1
27001,2025-01-01,8
27001,2024-12-01,6.5
27001,2024-11-01,5
27001,2024-10-01,3.5
27001,2024-09-01,3.4
27001,2024-08-01,4.4
27001,2024-07-01,4.9
27001,2024-06-01,4.9
27001,2024-05-01,4.2
27001,2024-04-01,5.9
27001,2024-03-01,7.5
27001,2024-02-01,7.5
27001,2024-01-01,7.4
27001,2023-12-01,5.8
27001,2023-11-01,4.2
27001,2023-10-01,3.3
27001,2023-09-01,3.1
27001,2023-08-01,3.8
27001,2023-07-01,3.8
27001,2023-06-01,4.4
27001,2023-05-01,4.8
27001,2023-04-01,6
27001,2023-03-01,7
27001,2023-02-01,7.7
27001,2023-01-01,7.5
27001,2022-12-01,6.3
27001,2022-11-01,4.5
27001,2022-10-01,3
27001,2022-09-01,2.8
27001,2022-08-01,3.3
27001,2022-07-01,3.1
27001,2022-06-01,3.5
27001,2022-05-01,3.5
27001,2022-04-01,4.5
27001,2022-03-01,5.9
27001,2022-02-01,6.4
27001,2022-01-01,7.1
27003,2026-07-01,4.8
27003,2026-06-01,4.7
27003,2026-05-01,4.1
27003,2026-04-01,3.9
27003,2026-03-01,4.7
27003,2026-02-01,5
27003,2026-01-01,5
27003,2025-12-01,4.1
27003,2025-11-01,4
27003,2025-10-01,NA
27003,2025-09-01,3.6
27003,2025-08-01,4.2
27003,2025-07-01,4.1
27003,2025-06-01,4.1
27003,2025-05-01,3.4
27003,2025-04-01,3.3
27003,2025-03-01,3.9
27003,2025-02-01,3.9
27003,2025-01-01,3.7
27003,2024-12-01,2.9
27003,2024-11-01,2.8
27003,2024-10-01,2.7
27003,2024-09-01,2.8
27003,2024-08-01,3.6
27003,2024-07-01,3.6
27003,2024-06-01,3.7
27003,2024-05-01,2.9
27003,2024-04-01,2.8
27003,2024-03-01,3.4
27003,2024-02-01,3.5
27003,2024-01-01,3.2
27003,2023-12-01,2.5
27003,2023-11-01,2
27003,2023-10-01,2.3
27003,2023-09-01,2.4
27003,2023-08-01,2.9
27003,2023-07-01,2.8
27003,2023-06-01,3.1
27003,2023-05-01,2.6
27003,2023-04-01,2.6
27003,2023-03-01,3
27003,2023-02-01,3.2
27003,2023-01-01,3
27003,2022-12-01,2.5
27003,2022-11-01,2.1
27003,2022-10-01,2
27003,2022-09-01,2
27003,2022-08-01,2.4
27003,2022-07-01,2.3
27003,2022-06-01,2.5
27003,2022-05-01,1.9
27003,2022-04-01,2
27003,2022-03-01,2.7
27003,2022-02-01,2.9
27003,2022-01-01,3.2
27005,2026-07-01,4.6
27005,2026-06-01,4.6
27005,2026-05-01,3.8
27005,2026-04-01,4.8
27005,2026-03-01,6.7
27005,2026-02-01,6.8
27005,2026-01-01,7.2
27005,2025-12-01,6
27005,2025-11-01,4.4
27005,2025-10-01,NA
27005,2025-09-01,3
27005,2025-08-01,3.7
27005,2025-07-01,3.9
27005,2025-06-01,3.9
27005,2025-05-01,3.4
27005,2025-04-01,4.5
27005,2025-03-01,5.5
27005,2025-02-01,5.7
27005,2025-01-01,5.6
27005,2024-12-01,4.3
27005,2024-11-01,3.1
27005,2024-10-01,2.5
27005,2024-09-01,2.5
27005,2024-08-01,3.3
27005,2024-07-01,3.5
27005,2024-06-01,3.5
27005,2024-05-01,2.6
27005,2024-04-01,3.3
27005,2024-03-01,4.6
27005,2024-02-01,4.9
27005,2024-01-01,4.9
27005,2023-12-01,3.5
27005,2023-11-01,2.3
27005,2023-10-01,2.1
27005,2023-09-01,2.1
27005,2023-08-01,2.7
27005,2023-07-01,2.9
27005,2023-06-01,3
27005,2023-05-01,2.6
27005,2023-04-01,3.8
27005,2023-03-01,4.4
27005,2023-02-01,4.8
27005,2023-01-01,4.7
27005,2022-12-01,3.8
27005,2022-11-01,2.5
27005,2022-10-01,2
27005,2022-09-01,1.9
27005,2022-08-01,2.4
27005,2022-07-01,2.5
27005,2022-06-01,2.7
27005,2022-05-01,2.2
27005,2022-04-01,2.7
27005,2022-03-01,3.9
27005,2022-02-01,4.3
27005,2022-01-01,4.6
27007,2026-07-01,6
27007,2026-06-01,6.2
27007,2026-05-01,4.7
27007,2026-04-01,5.3
27007,2026-03-01,6.3
27007,2026-02-01,6.6
27007,2026-01-01,7
27007,2025-12-01,5.5
27007,2025-11-01,4.8
27007,2025-10-01,NA
27007,2025-09-01,3.9
27007,2025-08-01,5.2
27007,2025-07-01,5.2
27007,2025-06-01,5.4
27007,2025-05-01,4.2
27007,2025-04-01,4.9
27007,2025-03-01,5.5
27007,2025-02-01,5.6
27007,2025-01-01,5.6
27007,2024-12-01,4.2
27007,2024-11-01,3.3
27007,2024-10-01,2.8
27007,2024-09-01,2.9
27007,2024-08-01,4.6
27007,2024-07-01,4.5
27007,2024-06-01,4.7
27007,2024-05-01,3.3
27007,2024-04-01,3.9
27007,2024-03-01,4.9
27007,2024-02-01,4.9
27007,2024-01-01,4.7
27007,2023-12-01,3.6
27007,2023-11-01,2.7
27007,2023-10-01,2.5
27007,2023-09-01,2.6
27007,2023-08-01,3.9
27007,2023-07-01,3.6
27007,2023-06-01,4.1
27007,2023-05-01,3.7
27007,2023-04-01,4.2
27007,2023-03-01,4.7
27007,2023-02-01,5.1
27007,2023-01-01,4.8
27007,2022-12-01,3.8
27007,2022-11-01,2.8
27007,2022-10-01,2.1
27007,2022-09-01,2.2
27007,2022-08-01,3
27007,2022-07-01,2.8
27007,2022-06-01,3.2
27007,2022-05-01,2.9
27007,2022-04-01,3.4
27007,2022-03-01,4.1
27007,2022-02-01,4.4
27007,2022-01-01,4.8
27009,2026-07-01,5.2
27009,2026-06-01,5.3
27009,2026-05-01,4.2
27009,2026-04-01,4.9
27009,2026-03-01,6.6
27009,2026-02-01,6.9
27009,2026-01-01,7.1
27009,2025-12-01,5.9
27009,2025-11-01,4.7
27009,2025-10-01,NA
27009,2025-09-01,3.5
27009,2025-08-01,4.6
27009,2025-07-01,4.4
27009,2025-06-01,4.5
27009,2025-05-01,3.6
27009,2025-04-01,4.2
27009,2025-03-01,5.4
27009,2025-02-01,5.6
27009,2025-01-01,5.6
27009,2024-12-01,4.1
27009,2024-11-01,3.4
27009,2024-10-01,2.7
27009,2024-09-01,2.7
27009,2024-08-01,3.9
27009,2024-07-01,4.1
27009,2024-06-01,4.1
27009,2024-05-01,3.1
27009,2024-04-01,3.5
27009,2024-03-01,4.6
27009,2024-02-01,4.7
27009,2024-01-01,4.7
27009,2023-12-01,3.5
27009,2023-11-01,2.4
27009,2023-10-01,2.2
27009,2023-09-01,2.2
27009,2023-08-01,3.4
27009,2023-07-01,3.3
27009,2023-06-01,3.6
27009,2023-05-01,2.9
27009,2023-04-01,3.6
27009,2023-03-01,4.5
27009,2023-02-01,5
27009,2023-01-01,4.9
27009,2022-12-01,3.8
27009,2022-11-01,2.6
27009,2022-10-01,2
27009,2022-09-01,2
27009,2022-08-01,2.5
27009,2022-07-01,2.4
27009,2022-06-01,2.7
27009,2022-05-01,2.2
27009,2022-04-01,2.7
27009,2022-03-01,3.8
27009,2022-02-01,4.3
27009,2022-01-01,4.8
27011,2026-07-01,5.2
27011,2026-06-01,5.3
27011,2026-05-01,3.6
27011,2026-04-01,4.7
27011,2026-03-01,6.2
27011,2026-02-01,6.8
27011,2026-01-01,6.7
27011,2025-12-01,5.1
27011,2025-11-01,3.7
27011,2025-10-01,NA
27011,2025-09-01,2.8
27011,2025-08-01,3.6
27011,2025-07-01,4.1
27011,2025-06-01,4.3
27011,2025-05-01,3.1
27011,2025-04-01,4.2
27011,2025-03-01,5.1
27011,2025-02-01,5.4
27011,2025-01-01,5.4
27011,2024-12-01,3.7
27011,2024-11-01,2.3
27011,2024-10-01,2.2
27011,2024-09-01,2.4
27011,2024-08-01,3.5
27011,2024-07-01,3.9
27011,2024-06-01,3.9
27011,2024-05-01,2.6
27011,2024-04-01,3.5
27011,2024-03-01,4.7
27011,2024-02-01,5
27011,2024-01-01,5.2
27011,2023-12-01,3.1
27011,2023-11-01,2
27011,2023-10-01,2.1
27011,2023-09-01,2.5
27011,2023-08-01,3.5
27011,2023-07-01,3.6
27011,2023-06-01,3.8
27011,2023-05-01,2.4
27011,2023-04-01,3.4
27011,2023-03-01,4.3
27011,2023-02-01,4.8
27011,2023-01-01,4.9
27011,2022-12-01,4
27011,2022-11-01,2
27011,2022-10-01,1.8
27011,2022-09-01,1.9
27011,2022-08-01,2.5
27011,2022-07-01,2.5
27011,2022-06-01,2.8
27011,2022-05-01,2.3
27011,2022-04-01,3
27011,2022-03-01,4.3
27011,2022-02-01,4.4
27011,2022-01-01,4.8
27013,2026-07-01,4
27013,2026-06-01,4.6
27013,2026-05-01,4
27013,2026-04-01,3.5
27013,2026-03-01,4.2
27013,2026-02-01,4.5
27013,2026-01-01,4.6
27013,2025-12-01,3.6
27013,2025-11-01,3.2
27013,2025-10-01,NA
27013,2025-09-01,2.9
27013,2025-08-01,3.6
27013,2025-07-01,3.7
27013,2025-06-01,3.9
27013,2025-05-01,3.1
27013,2025-04-01,2.9
27013,2025-03-01,3.4
27013,2025-02-01,3.4
27013,2025-01-01,3.3
27013,2024-12-01,2.5
27013,2024-11-01,2.2
27013,2024-10-01,2.1
27013,2024-09-01,2.2
27013,2024-08-01,3.1
27013,2024-07-01,3.3
27013,2024-06-01,3.4
27013,2024-05-01,2.6
27013,2024-04-01,2.4
27013,2024-03-01,2.8
27013,2024-02-01,3.1
27013,2024-01-01,2.8
27013,2023-12-01,2.1
27013,2023-11-01,1.6
27013,2023-10-01,1.8
27013,2023-09-01,1.9
27013,2023-08-01,2.5
27013,2023-07-01,2.5
27013,2023-06-01,2.6
27013,2023-05-01,2.3
27013,2023-04-01,2.3
27013,2023-03-01,2.7
27013,2023-02-01,2.9
27013,2023-01-01,2.8
27013,2022-12-01,2.3
27013,2022-11-01,1.8
27013,2022-10-01,1.5
27013,2022-09-01,1.5
27013,2022-08-01,2.2
27013,2022-07-01,2.2
27013,2022-06-01,2.4
27013,2022-05-01,1.7
27013,2022-04-01,1.7
27013,2022-03-01,2.4
27013,2022-02-01,2.6
27013,2022-01-01,2.9
27015,2026-07-01,4.1
27015,2026-06-01,4.5
27015,2026-05-01,3.7
27015,2026-04-01,3.7
27015,2026-03-01,5.5
27015,2026-02-01,6
27015,2026-01-01,5.9
27015,2025-12-01,4.2
27015,2025-11-01,3.3
27015,2025-10-01,NA
27015,2025-09-01,2.9
27015,2025-08-01,3.6
27015,2025-07-01,3.8
27015,2025-06-01,3.9
27015,2025-05-01,3.4
27015,2025-04-01,3.6
27015,2025-03-01,4.8
27015,2025-02-01,5
27015,2025-01-01,4.5
27015,2024-12-01,3
27015,2024-11-01,2.4
27015,2024-10-01,2.2
27015,2024-09-01,2.5
27015,2024-08-01,3.4
27015,2024-07-01,3.7
27015,2024-06-01,3.8
27015,2024-05-01,3.1
27015,2024-04-01,3.2
27015,2024-03-01,4
27015,2024-02-01,4.3
27015,2024-01-01,3.9
27015,2023-12-01,2.5
27015,2023-11-01,1.7
27015,2023-10-01,1.9
27015,2023-09-01,2.2
27015,2023-08-01,2.9
27015,2023-07-01,3
27015,2023-06-01,3.3
27015,2023-05-01,2.7
27015,2023-04-01,3.1
27015,2023-03-01,4
27015,2023-02-01,4.1
27015,2023-01-01,3.5
27015,2022-12-01,2.7
27015,2022-11-01,2
27015,2022-10-01,1.6
27015,2022-09-01,1.8
27015,2022-08-01,2.3
27015,2022-07-01,2.3
27015,2022-06-01,2.6
27015,2022-05-01,1.9
27015,2022-04-01,2.2
27015,2022-03-01,3.4
27015,2022-02-01,3.5
27015,2022-01-01,3.7
27017,2026-07-01,5.1
27017,2026-06-01,5.2
27017,2026-05-01,4.6
27017,2026-04-01,5.6
27017,2026-03-01,6.7
27017,2026-02-01,7
27017,2026-01-01,7.1
27017,2025-12-01,5.8
27017,2025-11-01,4.9
27017,2025-10-01,NA
27017,2025-09-01,3.8
27017,2025-08-01,4.5
27017,2025-07-01,4.5
27017,2025-06-01,4.8
27017,2025-05-01,4.4
27017,2025-04-01,5.5
27017,2025-03-01,6.1
27017,2025-02-01,6
27017,2025-01-01,5.9
27017,2024-12-01,4.2
27017,2024-11-01,3.3
27017,2024-10-01,2.8
27017,2024-09-01,2.8
27017,2024-08-01,3.9
27017,2024-07-01,3.9
27017,2024-06-01,4.1
27017,2024-05-01,3.4
27017,2024-04-01,4
27017,2024-03-01,4.8
27017,2024-02-01,4.7
27017,2024-01-01,4.9
27017,2023-12-01,3.7
27017,2023-11-01,2.5
27017,2023-10-01,2.5
27017,2023-09-01,2.5
27017,2023-08-01,3.2
27017,2023-07-01,3.3
27017,2023-06-01,3.8
27017,2023-05-01,3.7
27017,2023-04-01,4.3
27017,2023-03-01,4.8
27017,2023-02-01,5
27017,2023-01-01,4.9
27017,2022-12-01,4.1
27017,2022-11-01,3
27017,2022-10-01,2.4
27017,2022-09-01,2.2
27017,2022-08-01,2.8
27017,2022-07-01,2.7
27017,2022-06-01,3.1
27017,2022-05-01,2.9
27017,2022-04-01,3.2
27017,2022-03-01,4.1
27017,2022-02-01,4.5
27017,2022-01-01,4.9
27019,2026-07-01,4
27019,2026-06-01,4.1
27019,2026-05-01,3.7
27019,2026-04-01,3.4
27019,2026-03-01,4
27019,2026-02-01,4.4
27019,2026-01-01,4.3
27019,2025-12-01,3.6
27019,2025-11-01,3.6
27019,2025-10-01,NA
27019,2025-09-01,3.3
27019,2025-08-01,3.5
27019,2025-07-01,3.5
27019,2025-06-01,3.5
27019,2025-05-01,3.1
27019,2025-04-01,2.9
27019,2025-03-01,3.4
27019,2025-02-01,3.4
27019,2025-01-01,3.1
27019,2024-12-01,2.4
27019,2024-11-01,2.3
27019,2024-10-01,2.2
27019,2024-09-01,2.4
27019,2024-08-01,3
27019,2024-07-01,3.1
27019,2024-06-01,3.3
27019,2024-05-01,2.6
27019,2024-04-01,2.4
27019,2024-03-01,2.8
27019,2024-02-01,2.9
27019,2024-01-01,2.7
27019,2023-12-01,2.1
27019,2023-11-01,1.7
27019,2023-10-01,2.1
27019,2023-09-01,2.2
27019,2023-08-01,2.6
27019,2023-07-01,2.5
27019,2023-06-01,2.8
27019,2023-05-01,2.3
27019,2023-04-01,2.2
27019,2023-03-01,2.6
27019,2023-02-01,2.6
27019,2023-01-01,2.4
27019,2022-12-01,2
27019,2022-11-01,1.7
27019,2022-10-01,1.6
27019,2022-09-01,1.6
27019,2022-08-01,1.9
27019,2022-07-01,1.9
27019,2022-06-01,2.1
27019,2022-05-01,1.5
27019,2022-04-01,1.5
27019,2022-03-01,2.2
27019,2022-02-01,2.3
27019,2022-01-01,2.5
27021,2026-07-01,5.2
27021,2026-06-01,5.4
27021,2026-05-01,5
27021,2026-04-01,6.9
27021,2026-03-01,9.9
27021,2026-02-01,10.2
27021,2026-01-01,10.5
27021,2025-12-01,8.7
27021,2025-11-01,7.1
27021,2025-10-01,NA
27021,2025-09-01,4.1
27021,2025-08-01,4.5
27021,2025-07-01,4.6
27021,2025-06-01,4.7
27021,2025-05-01,4.4
27021,2025-04-01,6.5
27021,2025-03-01,8.4
27021,2025-02-01,8.4
27021,2025-01-01,8.3
27021,2024-12-01,6
27021,2024-11-01,4.7
27021,2024-10-01,3.3
27021,2024-09-01,3.3
27021,2024-08-01,4
27021,2024-07-01,4.3
27021,2024-06-01,4.3
27021,2024-05-01,3.8
27021,2024-04-01,5.2
27021,2024-03-01,6.9
27021,2024-02-01,7.4
27021,2024-01-01,7.4
27021,2023-12-01,5.5
27021,2023-11-01,3.7
27021,2023-10-01,2.7
27021,2023-09-01,2.6
27021,2023-08-01,3.3
27021,2023-07-01,3.4
27021,2023-06-01,4
27021,2023-05-01,4
27021,2023-04-01,5.4
27021,2023-03-01,6.7
27021,2023-02-01,7.4
27021,2023-01-01,7.1
27021,2022-12-01,5.6
27021,2022-11-01,4
27021,2022-10-01,2.4
27021,2022-09-01,2.4
27021,2022-08-01,3.1
27021,2022-07-01,3
27021,2022-06-01,3.2
27021,2022-05-01,2.8
27021,2022-04-01,3.9
27021,2022-03-01,5.3
27021,2022-02-01,6
27021,2022-01-01,6.8
27023,2026-07-01,5.3
27023,2026-06-01,5.3
27023,2026-05-01,4.2
27023,2026-04-01,4.7
27023,2026-03-01,5.5
27023,2026-02-01,5.8
27023,2026-01-01,5.9
27023,2025-12-01,5
27023,2025-11-01,3.7
27023,2025-10-01,NA
27023,2025-09-01,3.6
27023,2025-08-01,4.3
27023,2025-07-01,4.8
27023,2025-06-01,4.8
27023,2025-05-01,3.6
27023,2025-04-01,3.9
27023,2025-03-01,4.5
27023,2025-02-01,4.7
27023,2025-01-01,5.1
27023,2024-12-01,3.4
27023,2024-11-01,2
27023,2024-10-01,2.5
27023,2024-09-01,2.3
27023,2024-08-01,3.3
27023,2024-07-01,4
27023,2024-06-01,4.2
27023,2024-05-01,2.8
27023,2024-04-01,2.9
27023,2024-03-01,3.4
27023,2024-02-01,3.8
27023,2024-01-01,4
27023,2023-12-01,2.7
27023,2023-11-01,2
27023,2023-10-01,2
27023,2023-09-01,2.2
27023,2023-08-01,3.1
27023,2023-07-01,3.1
27023,2023-06-01,3.4
27023,2023-05-01,2.9
27023,2023-04-01,2.7
27023,2023-03-01,3.4
27023,2023-02-01,3.6
27023,2023-01-01,4.3
27023,2022-12-01,2.9
27023,2022-11-01,1.9
27023,2022-10-01,1.6
27023,2022-09-01,1.7
27023,2022-08-01,2.3
27023,2022-07-01,2.2
27023,2022-06-01,2.5
27023,2022-05-01,1.8
27023,2022-04-01,2
27023,2022-03-01,2.9
27023,2022-02-01,3
27023,2022-01-01,3.3
27025,2026-07-01,4.7
27025,2026-06-01,4.8
27025,2026-05-01,4
27025,2026-04-01,4.3
27025,2026-03-01,6
27025,2026-02-01,6.4
27025,2026-01-01,6.3
27025,2025-12-01,5.2
27025,2025-11-01,4.5
27025,2025-10-01,NA
27025,2025-09-01,3.4
27025,2025-08-01,4.1
27025,2025-07-01,4.1
27025,2025-06-01,4.2
27025,2025-05-01,3.5
27025,2025-04-01,4
27025,2025-03-01,5.1
27025,2025-02-01,5.2
27025,2025-01-01,5.1
27025,2024-12-01,3.8
27025,2024-11-01,3.1
27025,2024-10-01,2.6
27025,2024-09-01,2.8
27025,2024-08-01,3.6
27025,2024-07-01,3.6
27025,2024-06-01,3.8
27025,2024-05-01,2.9
27025,2024-04-01,3.3
27025,2024-03-01,4.4
27025,2024-02-01,4.5
27025,2024-01-01,4.3
27025,2023-12-01,3.1
27025,2023-11-01,2.1
27025,2023-10-01,2.2
27025,2023-09-01,2.3
27025,2023-08-01,3
27025,2023-07-01,2.8
27025,2023-06-01,3.2
27025,2023-05-01,2.7
27025,2023-04-01,3.3
27025,2023-03-01,4.2
27025,2023-02-01,4.5
27025,2023-01-01,4.2
27025,2022-12-01,3.4
27025,2022-11-01,2.3
27025,2022-10-01,1.9
27025,2022-09-01,2
27025,2022-08-01,2.3
27025,2022-07-01,2.1
27025,2022-06-01,2.5
27025,2022-05-01,2
27025,2022-04-01,2.4
27025,2022-03-01,3.5
27025,2022-02-01,3.8
27025,2022-01-01,4.1
27027,2026-07-01,4.4
27027,2026-06-01,4.5
27027,2026-05-01,3.9
27027,2026-04-01,3.8
27027,2026-03-01,4.5
27027,2026-02-01,4.9
27027,2026-01-01,4.9
27027,2025-12-01,3.8
27027,2025-11-01,3.3
27027,2025-10-01,NA
27027,2025-09-01,2.8
27027,2025-08-01,3.5
27027,2025-07-01,3.6
27027,2025-06-01,3.6
27027,2025-05-01,3.1
27027,2025-04-01,3.1
27027,2025-03-01,3.5
27027,2025-02-01,3.7
27027,2025-01-01,3.4
27027,2024-12-01,2.5
27027,2024-11-01,2.1
27027,2024-10-01,2
27027,2024-09-01,2
27027,2024-08-01,2.8
27027,2024-07-01,3
27027,2024-06-01,3
27027,2024-05-01,2.4
27027,2024-04-01,2.4
27027,2024-03-01,2.9
27027,2024-02-01,3.2
27027,2024-01-01,2.9
27027,2023-12-01,2
27027,2023-11-01,1.4
27027,2023-10-01,1.6
27027,2023-09-01,1.7
27027,2023-08-01,2.2
27027,2023-07-01,2.3
27027,2023-06-01,2.5
27027,2023-05-01,2.2
27027,2023-04-01,2.3
27027,2023-03-01,2.6
27027,2023-02-01,2.8
27027,2023-01-01,2.8
27027,2022-12-01,2.1
27027,2022-11-01,1.7
27027,2022-10-01,1.5
27027,2022-09-01,1.5
27027,2022-08-01,2
27027,2022-07-01,2
27027,2022-06-01,2.3
27027,2022-05-01,1.7
27027,2022-04-01,1.8
27027,2022-03-01,2.6
27027,2022-02-01,2.7
27027,2022-01-01,3
27029,2026-07-01,7.5
27029,2026-06-01,7.6
27029,2026-05-01,6.1
27029,2026-04-01,10.5
27029,2026-03-01,13.7
27029,2026-02-01,13
27029,2026-01-01,13.9
27029,2025-12-01,11
27029,2025-11-01,7.2
27029,2025-10-01,NA
27029,2025-09-01,4.6
27029,2025-08-01,6.1
27029,2025-07-01,6.6
27029,2025-06-01,7
27029,2025-05-01,5.7
27029,2025-04-01,10
27029,2025-03-01,12.3
27029,2025-02-01,12.3
27029,2025-01-01,11.9
27029,2024-12-01,8.3
27029,2024-11-01,5.4
27029,2024-10-01,3.3
27029,2024-09-01,3.4
27029,2024-08-01,5.2
27029,2024-07-01,5.8
27029,2024-06-01,6.1
27029,2024-05-01,5.6
27029,2024-04-01,7.8
27029,2024-03-01,11
27029,2024-02-01,10.5
27029,2024-01-01,11.2
27029,2023-12-01,7.1
27029,2023-11-01,4.5
27029,2023-10-01,3.2
27029,2023-09-01,3.3
27029,2023-08-01,4.9
27029,2023-07-01,4.9
27029,2023-06-01,5.6
27029,2023-05-01,6
27029,2023-04-01,8.9
27029,2023-03-01,10.5
27029,2023-02-01,10.6
27029,2023-01-01,10.4
27029,2022-12-01,8
27029,2022-11-01,4.6
27029,2022-10-01,3.5
27029,2022-09-01,3.4
27029,2022-08-01,4.7
27029,2022-07-01,4.7
27029,2022-06-01,5.2
27029,2022-05-01,6.1
27029,2022-04-01,8.5
27029,2022-03-01,9.8
27029,2022-02-01,11
27029,2022-01-01,11.7
27031,2026-07-01,3.8
27031,2026-06-01,4.1
27031,2026-05-01,4.6
27031,2026-04-01,7.3
27031,2026-03-01,7
27031,2026-02-01,7.7
27031,2026-01-01,7.6
27031,2025-12-01,7.1
27031,2025-11-01,6.4
27031,2025-10-01,NA
27031,2025-09-01,3.3
27031,2025-08-01,3.3
27031,2025-07-01,3.2
27031,2025-06-01,3.8
27031,2025-05-01,4.1
27031,2025-04-01,6.2
27031,2025-03-01,5.7
27031,2025-02-01,6
27031,2025-01-01,5.7
27031,2024-12-01,4.7
27031,2024-11-01,4.1
27031,2024-10-01,2.4
27031,2024-09-01,2.3
27031,2024-08-01,2.9
27031,2024-07-01,3.2
27031,2024-06-01,3.3
27031,2024-05-01,3.3
27031,2024-04-01,5.8
27031,2024-03-01,6
27031,2024-02-01,5.8
27031,2024-01-01,5.6
27031,2023-12-01,4.8
27031,2023-11-01,3.4
27031,2023-10-01,2.2
27031,2023-09-01,2.2
27031,2023-08-01,2.5
27031,2023-07-01,2.3
27031,2023-06-01,3.1
27031,2023-05-01,3.7
27031,2023-04-01,4.8
27031,2023-03-01,5.1
27031,2023-02-01,5.2
27031,2023-01-01,4.5
27031,2022-12-01,4.5
27031,2022-11-01,3.6
27031,2022-10-01,2.2
27031,2022-09-01,2.1
27031,2022-08-01,2.4
27031,2022-07-01,2.2
27031,2022-06-01,2.6
27031,2022-05-01,2.8
27031,2022-04-01,3.7
27031,2022-03-01,4.4
27031,2022-02-01,4.7
27031,2022-01-01,5.2
27033,2026-07-01,6.1
27033,2026-06-01,5.4
27033,2026-05-01,3.8
27033,2026-04-01,3.3
27033,2026-03-01,4.8
27033,2026-02-01,5.3
27033,2026-01-01,5.3
27033,2025-12-01,4.1
27033,2025-11-01,3.9
27033,2025-10-01,NA
27033,2025-09-01,3.3
27033,2025-08-01,4.5
27033,2025-07-01,8.3
27033,2025-06-01,5.6
27033,2025-05-01,4
27033,2025-04-01,4.1
27033,2025-03-01,4.5
27033,2025-02-01,4.4
27033,2025-01-01,4.5
27033,2024-12-01,3.2
27033,2024-11-01,3.1
27033,2024-10-01,3.1
27033,2024-09-01,3.7
27033,2024-08-01,4.8
27033,2024-07-01,7.2
27033,2024-06-01,4.4
27033,2024-05-01,2.8
27033,2024-04-01,2.8
27033,2024-03-01,3.9
27033,2024-02-01,4.5
27033,2024-01-01,4.6
27033,2023-12-01,4
27033,2023-11-01,3.5
27033,2023-10-01,4.7
27033,2023-09-01,8.3
27033,2023-08-01,6.4
27033,2023-07-01,9.1
27033,2023-06-01,6.6
27033,2023-05-01,2.6
27033,2023-04-01,2.5
27033,2023-03-01,2.9
27033,2023-02-01,3.1
27033,2023-01-01,3
27033,2022-12-01,2.5
27033,2022-11-01,1.8
27033,2022-10-01,1.9
27033,2022-09-01,2
27033,2022-08-01,2.7
27033,2022-07-01,5.7
27033,2022-06-01,2.8
27033,2022-05-01,2.1
27033,2022-04-01,1.8
27033,2022-03-01,2.4
27033,2022-02-01,2.5
27033,2022-01-01,3.1
27035,2026-07-01,4.6
27035,2026-06-01,4.7
27035,2026-05-01,4.2
27035,2026-04-01,4.9
27035,2026-03-01,6.9
27035,2026-02-01,7.3
27035,2026-01-01,7.6
27035,2025-12-01,6.3
27035,2025-11-01,5.3
27035,2025-10-01,NA
27035,2025-09-01,3.6
27035,2025-08-01,4
27035,2025-07-01,4
27035,2025-06-01,3.9
27035,2025-05-01,3.6
27035,2025-04-01,4.7
27035,2025-03-01,5.9
27035,2025-02-01,6
27035,2025-01-01,5.7
27035,2024-12-01,4.5
27035,2024-11-01,3.6
27035,2024-10-01,2.8
27035,2024-09-01,2.8
27035,2024-08-01,3.4
27035,2024-07-01,3.6
27035,2024-06-01,3.5
27035,2024-05-01,2.9
27035,2024-04-01,3.6
27035,2024-03-01,4.8
27035,2024-02-01,5.3
27035,2024-01-01,5
27035,2023-12-01,4
27035,2023-11-01,2.9
27035,2023-10-01,2.4
27035,2023-09-01,2.4
27035,2023-08-01,2.9
27035,2023-07-01,2.9
27035,2023-06-01,3.1
27035,2023-05-01,3.1
27035,2023-04-01,3.7
27035,2023-03-01,4.5
27035,2023-02-01,5
27035,2023-01-01,4.8
27035,2022-12-01,4.1
27035,2022-11-01,3
27035,2022-10-01,2.1
27035,2022-09-01,1.9
27035,2022-08-01,2.3
27035,2022-07-01,2.2
27035,2022-06-01,2.5
27035,2022-05-01,2.2
27035,2022-04-01,2.7
27035,2022-03-01,4
27035,2022-02-01,4.3
27035,2022-01-01,4.8
27037,2026-07-01,4.4
27037,2026-06-01,4.4
27037,2026-05-01,3.9
27037,2026-04-01,3.6
27037,2026-03-01,4.3
27037,2026-02-01,4.7
27037,2026-01-01,4.6
27037,2025-12-01,3.8
27037,2025-11-01,3.8
27037,2025-10-01,NA
27037,2025-09-01,3.5
27037,2025-08-01,3.9
27037,2025-07-01,3.8
27037,2025-06-01,3.7
27037,2025-05-01,3.3
27037,2025-04-01,3.1
27037,2025-03-01,3.5
27037,2025-02-01,3.5
27037,2025-01-01,3.3
27037,2024-12-01,2.6
27037,2024-11-01,2.5
27037,2024-10-01,2.5
27037,2024-09-01,2.6
27037,2024-08-01,3.2
27037,2024-07-01,3.3
27037,2024-06-01,3.4
27037,2024-05-01,2.7
27037,2024-04-01,2.6
27037,2024-03-01,2.9
27037,2024-02-01,3.1
27037,2024-01-01,2.9
27037,2023-12-01,2.2
27037,2023-11-01,1.8
27037,2023-10-01,2.2
27037,2023-09-01,2.3
27037,2023-08-01,2.8
27037,2023-07-01,2.6
27037,2023-06-01,2.9
27037,2023-05-01,2.5
27037,2023-04-01,2.3
27037,2023-03-01,2.7
27037,2023-02-01,2.8
27037,2023-01-01,2.7
27037,2022-12-01,2.3
27037,2022-11-01,1.9
27037,2022-10-01,1.8
27037,2022-09-01,1.8
27037,2022-08-01,2.3
27037,2022-07-01,2.1
27037,2022-06-01,2.4
27037,2022-05-01,1.7
27037,2022-04-01,1.7
27037,2022-03-01,2.4
27037,2022-02-01,2.5
27037,2022-01-01,2.8
27039,2026-07-01,4.3
27039,2026-06-01,4.3
27039,2026-05-01,3.4
27039,2026-04-01,3.7
27039,2026-03-01,5.5
27039,2026-02-01,5.8
27039,2026-01-01,5.8
27039,2025-12-01,4.4
27039,2025-11-01,3.4
27039,2025-10-01,NA
27039,2025-09-01,2.8
27039,2025-08-01,3.7
27039,2025-07-01,3.7
27039,2025-06-01,3.8
27039,2025-05-01,3.1
27039,2025-04-01,3.4
27039,2025-03-01,4.6
27039,2025-02-01,4.6
27039,2025-01-01,4.5
27039,2024-12-01,3
27039,2024-11-01,2.4
27039,2024-10-01,2.1
27039,2024-09-01,2.2
27039,2024-08-01,3.2
27039,2024-07-01,3.3
27039,2024-06-01,3.2
27039,2024-05-01,2.5
27039,2024-04-01,2.8
27039,2024-03-01,3.9
27039,2024-02-01,4.3
27039,2024-01-01,4
27039,2023-12-01,2.7
27039,2023-11-01,1.7
27039,2023-10-01,2
27039,2023-09-01,2
27039,2023-08-01,2.7
27039,2023-07-01,2.7
27039,2023-06-01,3
27039,2023-05-01,2.4
27039,2023-04-01,3
27039,2023-03-01,3.8
27039,2023-02-01,4
27039,2023-01-01,3.8
27039,2022-12-01,2.7
27039,2022-11-01,1.8
27039,2022-10-01,1.5
27039,2022-09-01,1.5
27039,2022-08-01,2.1
27039,2022-07-01,2.1
27039,2022-06-01,2.3
27039,2022-05-01,1.7
27039,2022-04-01,2.3
27039,2022-03-01,3.4
27039,2022-02-01,3.7
27039,2022-01-01,4
27041,2026-07-01,3.8
27041,2026-06-01,4.1
27041,2026-05-01,3.5
27041,2026-04-01,3.8
27041,2026-03-01,5.1
27041,2026-02-01,5.5
27041,2026-01-01,5.4
27041,2025-12-01,4.5
27041,2025-11-01,3.8
27041,2025-10-01,NA
27041,2025-09-01,2.9
27041,2025-08-01,3.3
27041,2025-07-01,3.3
27041,2025-06-01,3.3
27041,2025-05-01,3
27041,2025-04-01,3.5
27041,2025-03-01,4.1
27041,2025-02-01,4.2
27041,2025-01-01,4
27041,2024-12-01,3.1
27041,2024-11-01,2.5
27041,2024-10-01,2
27041,2024-09-01,2.1
27041,2024-08-01,2.6
27041,2024-07-01,2.9
27041,2024-06-01,2.9
27041,2024-05-01,2.4
27041,2024-04-01,2.8
27041,2024-03-01,3.5
27041,2024-02-01,3.8
27041,2024-01-01,3.7
27041,2023-12-01,2.8
27041,2023-11-01,2
27041,2023-10-01,2.1
27041,2023-09-01,2.3
27041,2023-08-01,2.7
27041,2023-07-01,2.4
27041,2023-06-01,2.8
27041,2023-05-01,2.5
27041,2023-04-01,2.7
27041,2023-03-01,3.3
27041,2023-02-01,3.5
27041,2023-01-01,3.3
27041,2022-12-01,2.8
27041,2022-11-01,2
27041,2022-10-01,1.6
27041,2022-09-01,1.5
27041,2022-08-01,1.9
27041,2022-07-01,1.9
27041,2022-06-01,2.1
27041,2022-05-01,1.6
27041,2022-04-01,1.9
27041,2022-03-01,2.8
27041,2022-02-01,2.9
27041,2022-01-01,3.3
27043,2026-07-01,4.9
27043,2026-06-01,5.1
27043,2026-05-01,4.2
27043,2026-04-01,4.8
27043,2026-03-01,6.2
27043,2026-02-01,6.5
27043,2026-01-01,6.7
27043,2025-12-01,5.6
27043,2025-11-01,4.9
27043,2025-10-01,NA
27043,2025-09-01,3.8
27043,2025-08-01,3.9
27043,2025-07-01,4
27043,2025-06-01,4.1
27043,2025-05-01,3.8
27043,2025-04-01,4.2
27043,2025-03-01,5.2
27043,2025-02-01,5.4
27043,2025-01-01,5.1
27043,2024-12-01,3.7
27043,2024-11-01,2.9
27043,2024-10-01,2.4
27043,2024-09-01,2.4
27043,2024-08-01,3
27043,2024-07-01,3.6
27043,2024-06-01,3.7
27043,2024-05-01,3
27043,2024-04-01,3.3
27043,2024-03-01,3.8
27043,2024-02-01,4.2
27043,2024-01-01,4.1
27043,2023-12-01,3
27043,2023-11-01,2
27043,2023-10-01,1.9
27043,2023-09-01,2
27043,2023-08-01,2.6
27043,2023-07-01,2.6
27043,2023-06-01,3.3
27043,2023-05-01,2.7
27043,2023-04-01,2.9
27043,2023-03-01,3.8
27043,2023-02-01,4.2
27043,2023-01-01,4
27043,2022-12-01,3.6
27043,2022-11-01,2.4
27043,2022-10-01,2
27043,2022-09-01,1.9
27043,2022-08-01,2.4
27043,2022-07-01,2.3
27043,2022-06-01,2.7
27043,2022-05-01,2.1
27043,2022-04-01,2.5
27043,2022-03-01,3.2
27043,2022-02-01,3.6
27043,2022-01-01,4.1
27045,2026-07-01,3.7
27045,2026-06-01,4.1
27045,2026-05-01,3.5
27045,2026-04-01,3.4
27045,2026-03-01,5.1
27045,2026-02-01,5.6
27045,2026-01-01,5.8
27045,2025-12-01,4.3
27045,2025-11-01,3.2
27045,2025-10-01,NA
27045,2025-09-01,2.6
27045,2025-08-01,3.2
27045,2025-07-01,3.3
27045,2025-06-01,3.5
27045,2025-05-01,3
27045,2025-04-01,3.3
27045,2025-03-01,4.4
27045,2025-02-01,4.8
27045,2025-01-01,4.7
27045,2024-12-01,3.2
27045,2024-11-01,2.5
27045,2024-10-01,2.2
27045,2024-09-01,2.1
27045,2024-08-01,2.8
27045,2024-07-01,2.8
27045,2024-06-01,2.8
27045,2024-05-01,2.1
27045,2024-04-01,2.5
27045,2024-03-01,3.4
27045,2024-02-01,4.1
27045,2024-01-01,3.9
27045,2023-12-01,2.4
27045,2023-11-01,1.8
27045,2023-10-01,1.8
27045,2023-09-01,1.9
27045,2023-08-01,2.5
27045,2023-07-01,2.6
27045,2023-06-01,2.8
27045,2023-05-01,2.5
27045,2023-04-01,2.8
27045,2023-03-01,4
27045,2023-02-01,4.3
27045,2023-01-01,4.2
27045,2022-12-01,2.8
27045,2022-11-01,1.9
27045,2022-10-01,1.6
27045,2022-09-01,1.6
27045,2022-08-01,2.2
27045,2022-07-01,2
27045,2022-06-01,2.3
27045,2022-05-01,1.7
27045,2022-04-01,2
27045,2022-03-01,3
27045,2022-02-01,3.5
27045,2022-01-01,3.7
27047,2026-07-01,4.9
27047,2026-06-01,4.9
27047,2026-05-01,3.9
27047,2026-04-01,3.8
27047,2026-03-01,5
27047,2026-02-01,5.3
27047,2026-01-01,5.4
27047,2025-12-01,4.4
27047,2025-11-01,4.1
27047,2025-10-01,NA
27047,2025-09-01,3.4
27047,2025-08-01,3.7
27047,2025-07-01,4.3
27047,2025-06-01,4.3
27047,2025-05-01,3.5
27047,2025-04-01,3.5
27047,2025-03-01,4.2
27047,2025-02-01,4
27047,2025-01-01,3.9
27047,2024-12-01,2.7
27047,2024-11-01,2.4
27047,2024-10-01,2.3
27047,2024-09-01,2.4
27047,2024-08-01,3.1
27047,2024-07-01,3.9
27047,2024-06-01,3.7
27047,2024-05-01,2.6
27047,2024-04-01,2.5
27047,2024-03-01,3.1
27047,2024-02-01,3.4
27047,2024-01-01,3.3
27047,2023-12-01,2.6
27047,2023-11-01,1.9
27047,2023-10-01,2.2
27047,2023-09-01,2.3
27047,2023-08-01,3
27047,2023-07-01,3
27047,2023-06-01,3.1
27047,2023-05-01,2.6
27047,2023-04-01,2.4
27047,2023-03-01,3.2
27047,2023-02-01,3.4
27047,2023-01-01,3.2
27047,2022-12-01,2.6
27047,2022-11-01,2.1
27047,2022-10-01,1.9
27047,2022-09-01,2
27047,2022-08-01,2.6
27047,2022-07-01,2.4
27047,2022-06-01,2.6
27047,2022-05-01,1.9
27047,2022-04-01,2.1
27047,2022-03-01,2.9
27047,2022-02-01,3
27047,2022-01-01,3.4
27049,2026-07-01,4.9
27049,2026-06-01,4.8
27049,2026-05-01,3.9
27049,2026-04-01,3.9
27049,2026-03-01,5.2
27049,2026-02-01,5.4
27049,2026-01-01,5.4
27049,2025-12-01,4.4
27049,2025-11-01,3.9
27049,2025-10-01,NA
27049,2025-09-01,3.2
27049,2025-08-01,3.9
27049,2025-07-01,3.9
27049,2025-06-01,4
27049,2025-05-01,3.5
27049,2025-04-01,3.4
27049,2025-03-01,4.1
27049,2025-02-01,4.4
27049,2025-01-01,4.1
27049,2024-12-01,3
27049,2024-11-01,2.5
27049,2024-10-01,2.3
27049,2024-09-01,2.6
27049,2024-08-01,3.3
27049,2024-07-01,3.5
27049,2024-06-01,3.7
27049,2024-05-01,2.8
27049,2024-04-01,3
27049,2024-03-01,3.6
27049,2024-02-01,3.8
27049,2024-01-01,3.7
27049,2023-12-01,2.8
27049,2023-11-01,1.9
27049,2023-10-01,2.1
27049,2023-09-01,2.3
27049,2023-08-01,2.7
27049,2023-07-01,2.8
27049,2023-06-01,3.1
27049,2023-05-01,2.5
27049,2023-04-01,2.7
27049,2023-03-01,3.4
27049,2023-02-01,3.6
27049,2023-01-01,3.5
27049,2022-12-01,2.8
27049,2022-11-01,2.1
27049,2022-10-01,1.9
27049,2022-09-01,2
27049,2022-08-01,2.5
27049,2022-07-01,2.3
27049,2022-06-01,2.5
27049,2022-05-01,1.9
27049,2022-04-01,2.2
27049,2022-03-01,3
27049,2022-02-01,3.2
27049,2022-01-01,3.7
27051,2026-07-01,5
27051,2026-06-01,4.9
27051,2026-05-01,4.1
27051,2026-04-01,4.5
27051,2026-03-01,7.1
27051,2026-02-01,7.4
27051,2026-01-01,7.6
27051,2025-12-01,5.8
27051,2025-11-01,4
27051,2025-10-01,NA
27051,2025-09-01,3.1
27051,2025-08-01,4.5
27051,2025-07-01,4.5
27051,2025-06-01,4.9
27051,2025-05-01,4
27051,2025-04-01,5.6
27051,2025-03-01,6.3
27051,2025-02-01,6.3
27051,2025-01-01,6.2
27051,2024-12-01,4.8
27051,2024-11-01,3
27051,2024-10-01,2.5
27051,2024-09-01,2.4
27051,2024-08-01,3.6
27051,2024-07-01,3.9
27051,2024-06-01,4.2
27051,2024-05-01,3
27051,2024-04-01,3.6
27051,2024-03-01,5.2
27051,2024-02-01,5.7
27051,2024-01-01,5.6
27051,2023-12-01,4.2
27051,2023-11-01,2.6
27051,2023-10-01,1.9
27051,2023-09-01,2.3
27051,2023-08-01,3
27051,2023-07-01,3.2
27051,2023-06-01,3.2
27051,2023-05-01,2.6
27051,2023-04-01,3.6
27051,2023-03-01,4.3
27051,2023-02-01,4.8
27051,2023-01-01,4.6
27051,2022-12-01,3.6
27051,2022-11-01,2.4
27051,2022-10-01,1.4
27051,2022-09-01,1.5
27051,2022-08-01,2.2
27051,2022-07-01,2.2
27051,2022-06-01,2.4
27051,2022-05-01,2.1
27051,2022-04-01,3
27051,2022-03-01,4
27051,2022-02-01,4.3
27051,2022-01-01,5
27053,2026-07-01,4.4
27053,2026-06-01,4.3
27053,2026-05-01,4
27053,2026-04-01,3.6
27053,2026-03-01,4.1
27053,2026-02-01,4.4
27053,2026-01-01,4.4
27053,2025-12-01,3.7
27053,2025-11-01,4
27053,2025-10-01,NA
27053,2025-09-01,3.8
27053,2025-08-01,4
27053,2025-07-01,3.8
27053,2025-06-01,3.8
27053,2025-05-01,3.5
27053,2025-04-01,3.1
27053,2025-03-01,3.4
27053,2025-02-01,3.3
27053,2025-01-01,3.1
27053,2024-12-01,2.6
27053,2024-11-01,2.7
27053,2024-10-01,2.7
27053,2024-09-01,2.9
27053,2024-08-01,3.3
27053,2024-07-01,3.3
27053,2024-06-01,3.3
27053,2024-05-01,2.8
27053,2024-04-01,2.5
27053,2024-03-01,2.8
27053,2024-02-01,2.9
27053,2024-01-01,2.7
27053,2023-12-01,2.2
27053,2023-11-01,2
27053,2023-10-01,2.4
27053,2023-09-01,2.5
27053,2023-08-01,2.8
27053,2023-07-01,2.7
27053,2023-06-01,2.9
27053,2023-05-01,2.6
27053,2023-04-01,2.3
27053,2023-03-01,2.5
27053,2023-02-01,2.6
27053,2023-01-01,2.5
27053,2022-12-01,2.1
27053,2022-11-01,2
27053,2022-10-01,2
27053,2022-09-01,2
27053,2022-08-01,2.4
27053,2022-07-01,2.3
27053,2022-06-01,2.5
27053,2022-05-01,1.9
27053,2022-04-01,1.7
27053,2022-03-01,2.4
27053,2022-02-01,2.4
27053,2022-01-01,2.7
27055,2026-07-01,3.5
27055,2026-06-01,3.7
27055,2026-05-01,3.5
27055,2026-04-01,3.2
27055,2026-03-01,4.5
27055,2026-02-01,4.8
27055,2026-01-01,5.2
27055,2025-12-01,3.8
27055,2025-11-01,3.1
27055,2025-10-01,NA
27055,2025-09-01,2.7
27055,2025-08-01,3.1
27055,2025-07-01,3
27055,2025-06-01,3
27055,2025-05-01,2.9
27055,2025-04-01,2.8
27055,2025-03-01,3.7
27055,2025-02-01,4
27055,2025-01-01,4.1
27055,2024-12-01,2.8
27055,2024-11-01,2.5
27055,2024-10-01,2.2
27055,2024-09-01,2.3
27055,2024-08-01,2.6
27055,2024-07-01,2.8
27055,2024-06-01,3.2
27055,2024-05-01,2.6
27055,2024-04-01,2.7
27055,2024-03-01,3.3
27055,2024-02-01,3.8
27055,2024-01-01,3.9
27055,2023-12-01,2.3
27055,2023-11-01,1.7
27055,2023-10-01,1.9
27055,2023-09-01,2
27055,2023-08-01,2.3
27055,2023-07-01,2.3
27055,2023-06-01,2.5
27055,2023-05-01,2.3
27055,2023-04-01,2.5
27055,2023-03-01,3.5
27055,2023-02-01,3.9
27055,2023-01-01,3.8
27055,2022-12-01,2.7
27055,2022-11-01,1.7
27055,2022-10-01,1.4
27055,2022-09-01,1.6
27055,2022-08-01,1.8
27055,2022-07-01,1.8
27055,2022-06-01,2.1
27055,2022-05-01,1.5
27055,2022-04-01,1.8
27055,2022-03-01,2.9
27055,2022-02-01,3.2
27055,2022-01-01,3.6
27057,2026-07-01,5
27057,2026-06-01,5.3
27057,2026-05-01,4.6
27057,2026-04-01,5.9
27057,2026-03-01,7.9
27057,2026-02-01,8.7
27057,2026-01-01,9.1
27057,2025-12-01,7.6
27057,2025-11-01,6.2
27057,2025-10-01,NA
27057,2025-09-01,3.8
27057,2025-08-01,4.8
27057,2025-07-01,4.9
27057,2025-06-01,4.9
27057,2025-05-01,4.6
27057,2025-04-01,6.1
27057,2025-03-01,7.3
27057,2025-02-01,7.5
27057,2025-01-01,7.6
27057,2024-12-01,5.7
27057,2024-11-01,4.3
27057,2024-10-01,3.1
27057,2024-09-01,3
27057,2024-08-01,3.7
27057,2024-07-01,3.9
27057,2024-06-01,4.1
27057,2024-05-01,3.3
27057,2024-04-01,4.5
27057,2024-03-01,6.3
27057,2024-02-01,6.5
27057,2024-01-01,6.7
27057,2023-12-01,5
27057,2023-11-01,3.5
27057,2023-10-01,2.9
27057,2023-09-01,2.7
27057,2023-08-01,3.2
27057,2023-07-01,3.3
27057,2023-06-01,3.8
27057,2023-05-01,3.7
27057,2023-04-01,4.6
27057,2023-03-01,5.7
27057,2023-02-01,6.4
27057,2023-01-01,6.3
27057,2022-12-01,5
27057,2022-11-01,3.5
27057,2022-10-01,2.4
27057,2022-09-01,2.3
27057,2022-08-01,2.8
27057,2022-07-01,2.8
27057,2022-06-01,3.2
27057,2022-05-01,2.9
27057,2022-04-01,4
27057,2022-03-01,5
27057,2022-02-01,5.5
27057,2022-01-01,5.9
27059,2026-07-01,5.5
27059,2026-06-01,5.5
27059,2026-05-01,4.2
27059,2026-04-01,5
27059,2026-03-01,7.1
27059,2026-02-01,7.4
27059,2026-01-01,7.7
27059,2025-12-01,6.4
27059,2025-11-01,4.7
27059,2025-10-01,NA
27059,2025-09-01,3.6
27059,2025-08-01,4.9
27059,2025-07-01,4.7
27059,2025-06-01,4.7
27059,2025-05-01,3.8
27059,2025-04-01,4.8
27059,2025-03-01,6.3
27059,2025-02-01,6.4
27059,2025-01-01,6
27059,2024-12-01,4.5
27059,2024-11-01,3.4
27059,2024-10-01,2.9
27059,2024-09-01,2.9
27059,2024-08-01,4.1
27059,2024-07-01,4.1
27059,2024-06-01,4.2
27059,2024-05-01,3.1
27059,2024-04-01,3.9
27059,2024-03-01,5.3
27059,2024-02-01,5.5
27059,2024-01-01,5.3
27059,2023-12-01,3.9
27059,2023-11-01,2.3
27059,2023-10-01,2.3
27059,2023-09-01,2.4
27059,2023-08-01,3.2
27059,2023-07-01,3
27059,2023-06-01,3.5
27059,2023-05-01,3
27059,2023-04-01,3.9
27059,2023-03-01,5
27059,2023-02-01,5.4
27059,2023-01-01,5.1
27059,2022-12-01,4
27059,2022-11-01,2.6
27059,2022-10-01,2.1
27059,2022-09-01,2
27059,2022-08-01,2.4
27059,2022-07-01,2.2
27059,2022-06-01,2.5
27059,2022-05-01,2
27059,2022-04-01,2.7
27059,2022-03-01,3.9
27059,2022-02-01,4.3
27059,2022-01-01,4.7
27061,2026-07-01,6.1
27061,2026-06-01,6.2
27061,2026-05-01,5.7
27061,2026-04-01,6.9
27061,2026-03-01,8.1
27061,2026-02-01,8.3
27061,2026-01-01,8.6
27061,2025-12-01,7.2
27061,2025-11-01,6.3
27061,2025-10-01,NA
27061,2025-09-01,4.7
27061,2025-08-01,5.7
27061,2025-07-01,5.7
27061,2025-06-01,6
27061,2025-05-01,5.1
27061,2025-04-01,6.4
27061,2025-03-01,7.1
27061,2025-02-01,7.1
27061,2025-01-01,6.9
27061,2024-12-01,5.2
27061,2024-11-01,4.4
27061,2024-10-01,3.2
27061,2024-09-01,3.3
27061,2024-08-01,4.5
27061,2024-07-01,4.9
27061,2024-06-01,5.2
27061,2024-05-01,4.4
27061,2024-04-01,5.2
27061,2024-03-01,6.3
27061,2024-02-01,6.5
27061,2024-01-01,6.3
27061,2023-12-01,5
27061,2023-11-01,3.9
27061,2023-10-01,2.9
27061,2023-09-01,3.1
27061,2023-08-01,4.4
27061,2023-07-01,4.2
27061,2023-06-01,5
27061,2023-05-01,4.9
27061,2023-04-01,5.6
27061,2023-03-01,6.2
27061,2023-02-01,6.6
27061,2023-01-01,6.5
27061,2022-12-01,5.4
27061,2022-11-01,4.2
27061,2022-10-01,2.9
27061,2022-09-01,2.7
27061,2022-08-01,3.8
27061,2022-07-01,3.4
27061,2022-06-01,4
27061,2022-05-01,4.1
27061,2022-04-01,4.5
27061,2022-03-01,5.2
27061,2022-02-01,5.9
27061,2022-01-01,6.4
27063,2026-07-01,5
27063,2026-06-01,4.7
27063,2026-05-01,3.5
27063,2026-04-01,3.4
27063,2026-03-01,5
27063,2026-02-01,5.2
27063,2026-01-01,5.3
27063,2025-12-01,4.5
27063,2025-11-01,3.8
27063,2025-10-01,NA
27063,2025-09-01,3.4
27063,2025-08-01,4.1
27063,2025-07-01,5.1
27063,2025-06-01,4.5
27063,2025-05-01,3.6
27063,2025-04-01,3.6
27063,2025-03-01,4.1
27063,2025-02-01,4.1
27063,2025-01-01,4.2
27063,2024-12-01,2.8
27063,2024-11-01,2.7
27063,2024-10-01,2.4
27063,2024-09-01,2.7
27063,2024-08-01,3.3
27063,2024-07-01,3.7
27063,2024-06-01,3.4
27063,2024-05-01,2.2
27063,2024-04-01,2.5
27063,2024-03-01,3.1
27063,2024-02-01,3.5
27063,2024-01-01,3.5
27063,2023-12-01,2.5
27063,2023-11-01,1.8
27063,2023-10-01,2.2
27063,2023-09-01,3.1
27063,2023-08-01,3.3
27063,2023-07-01,3.7
27063,2023-06-01,3.8
27063,2023-05-01,2.8
27063,2023-04-01,2.8
27063,2023-03-01,3.2
27063,2023-02-01,3.3
27063,2023-01-01,2.9
27063,2022-12-01,2.3
27063,2022-11-01,1.7
27063,2022-10-01,1.5
27063,2022-09-01,1.6
27063,2022-08-01,2.2
27063,2022-07-01,3.1
27063,2022-06-01,2.3
27063,2022-05-01,2.9
27063,2022-04-01,1.9
27063,2022-03-01,2.7
27063,2022-02-01,2.8
27063,2022-01-01,3.3
27065,2026-07-01,6.5
27065,2026-06-01,6.5
27065,2026-05-01,5.6
27065,2026-04-01,8.8
27065,2026-03-01,12.2
27065,2026-02-01,12.3
27065,2026-01-01,13
27065,2025-12-01,11
27065,2025-11-01,7.6
27065,2025-10-01,NA
27065,2025-09-01,4.8
27065,2025-08-01,5.7
27065,2025-07-01,5.6
27065,2025-06-01,5.6
27065,2025-05-01,4.7
27065,2025-04-01,8
27065,2025-03-01,10.2
27065,2025-02-01,10.1
27065,2025-01-01,9.9
27065,2024-12-01,7.5
27065,2024-11-01,5.2
27065,2024-10-01,3.5
27065,2024-09-01,3.3
27065,2024-08-01,4.5
27065,2024-07-01,5.2
27065,2024-06-01,5.3
27065,2024-05-01,4.5
27065,2024-04-01,6.2
27065,2024-03-01,8.4
27065,2024-02-01,8.8
27065,2024-01-01,8.8
27065,2023-12-01,6.2
27065,2023-11-01,3.8
27065,2023-10-01,2.9
27065,2023-09-01,2.8
27065,2023-08-01,3.9
27065,2023-07-01,4.1
27065,2023-06-01,4.5
27065,2023-05-01,4
27065,2023-04-01,6.7
27065,2023-03-01,9
27065,2023-02-01,9.4
27065,2023-01-01,9.2
27065,2022-12-01,7.2
27065,2022-11-01,4.2
27065,2022-10-01,2.7
27065,2022-09-01,2.5
27065,2022-08-01,3.2
27065,2022-07-01,2.9
27065,2022-06-01,3.1
27065,2022-05-01,2.8
27065,2022-04-01,5
27065,2022-03-01,7.1
27065,2022-02-01,7.9
27065,2022-01-01,8.6
27067,2026-07-01,5.2
27067,2026-06-01,5.2
27067,2026-05-01,4.3
27067,2026-04-01,4.4
27067,2026-03-01,5.7
27067,2026-02-01,6.1
27067,2026-01-01,6.1
27067,2025-12-01,4.9
27067,2025-11-01,3.8
27067,2025-10-01,NA
27067,2025-09-01,3.1
27067,2025-08-01,3.9
27067,2025-07-01,4.4
27067,2025-06-01,4.4
27067,2025-05-01,3.5
27067,2025-04-01,4
27067,2025-03-01,4.7
27067,2025-02-01,4.9
27067,2025-01-01,4.8
27067,2024-12-01,3.3
27067,2024-11-01,2.5
27067,2024-10-01,2.4
27067,2024-09-01,2.2
27067,2024-08-01,3.2
27067,2024-07-01,3.8
27067,2024-06-01,3.9
27067,2024-05-01,2.7
27067,2024-04-01,2.9
27067,2024-03-01,3.9
27067,2024-02-01,4.1
27067,2024-01-01,3.9
27067,2023-12-01,2.8
27067,2023-11-01,1.7
27067,2023-10-01,1.8
27067,2023-09-01,2
27067,2023-08-01,2.9
27067,2023-07-01,3.1
27067,2023-06-01,3.3
27067,2023-05-01,2.8
27067,2023-04-01,3.4
27067,2023-03-01,4.1
27067,2023-02-01,4.3
27067,2023-01-01,4.2
27067,2022-12-01,3.3
27067,2022-11-01,2.1
27067,2022-10-01,1.7
27067,2022-09-01,1.9
27067,2022-08-01,2.4
27067,2022-07-01,2.3
27067,2022-06-01,2.7
27067,2022-05-01,2
27067,2022-04-01,2.6
27067,2022-03-01,3.6
27067,2022-02-01,4
27067,2022-01-01,4.3
27069,2026-07-01,5
27069,2026-06-01,4.7
27069,2026-05-01,3.4
27069,2026-04-01,4.6
27069,2026-03-01,5.4
27069,2026-02-01,5.3
27069,2026-01-01,5.5
27069,2025-12-01,4.2
27069,2025-11-01,4
27069,2025-10-01,NA
27069,2025-09-01,2.9
27069,2025-08-01,3.8
27069,2025-07-01,3.9
27069,2025-06-01,4.2
27069,2025-05-01,3.1
27069,2025-04-01,3.8
27069,2025-03-01,3.9
27069,2025-02-01,4.7
27069,2025-01-01,4.8
27069,2024-12-01,3.6
27069,2024-11-01,2.5
27069,2024-10-01,2
27069,2024-09-01,2.2
27069,2024-08-01,3.1
27069,2024-07-01,3.8
27069,2024-06-01,3.9
27069,2024-05-01,2.7
27069,2024-04-01,3.2
27069,2024-03-01,3.8
27069,2024-02-01,3.7
27069,2024-01-01,4
27069,2023-12-01,3.1
27069,2023-11-01,2.5
27069,2023-10-01,2
27069,2023-09-01,2.3
27069,2023-08-01,3
27069,2023-07-01,3
27069,2023-06-01,3.3
27069,2023-05-01,2.3
27069,2023-04-01,2.9
27069,2023-03-01,3.3
27069,2023-02-01,3.5
27069,2023-01-01,3.7
27069,2022-12-01,2.9
27069,2022-11-01,2.2
27069,2022-10-01,1.6
27069,2022-09-01,1.8
27069,2022-08-01,2.4
27069,2022-07-01,2.3
27069,2022-06-01,2.5
27069,2022-05-01,2
27069,2022-04-01,2.3
27069,2022-03-01,3
27069,2022-02-01,3.1
27069,2022-01-01,3.5
27071,2026-07-01,6.7
27071,2026-06-01,7
27071,2026-05-01,6.2
27071,2026-04-01,6.8
27071,2026-03-01,6.3
27071,2026-02-01,6.6
27071,2026-01-01,6.5
27071,2025-12-01,5.6
27071,2025-11-01,6.2
27071,2025-10-01,NA
27071,2025-09-01,4.3
27071,2025-08-01,5.2
27071,2025-07-01,5.2
27071,2025-06-01,5.5
27071,2025-05-01,5.3
27071,2025-04-01,6
27071,2025-03-01,5.4
27071,2025-02-01,5
27071,2025-01-01,5
27071,2024-12-01,4.1
27071,2024-11-01,4.3
27071,2024-10-01,3.3
27071,2024-09-01,3.1
27071,2024-08-01,4.1
27071,2024-07-01,4.6
27071,2024-06-01,4.6
27071,2024-05-01,4.5
27071,2024-04-01,5.1
27071,2024-03-01,4.9
27071,2024-02-01,4.4
27071,2024-01-01,4.4
27071,2023-12-01,3.8
27071,2023-11-01,3.5
27071,2023-10-01,3.1
27071,2023-09-01,2.9
27071,2023-08-01,3.7
27071,2023-07-01,4.1
27071,2023-06-01,4.8
27071,2023-05-01,4.8
27071,2023-04-01,5.1
27071,2023-03-01,4.2
27071,2023-02-01,3.9
27071,2023-01-01,4.2
27071,2022-12-01,3.4
27071,2022-11-01,3.5
27071,2022-10-01,2.7
27071,2022-09-01,2.4
27071,2022-08-01,3.2
27071,2022-07-01,3.1
27071,2022-06-01,3.7
27071,2022-05-01,4
27071,2022-04-01,4.4
27071,2022-03-01,3.4
27071,2022-02-01,3.5
27071,2022-01-01,3.8
27073,2026-07-01,4.2
27073,2026-06-01,4
27073,2026-05-01,3.3
27073,2026-04-01,3.1
27073,2026-03-01,4.7
27073,2026-02-01,5
27073,2026-01-01,4.9
27073,2025-12-01,3.6
27073,2025-11-01,2.9
27073,2025-10-01,NA
27073,2025-09-01,2.5
27073,2025-08-01,2.8
27073,2025-07-01,3.8
27073,2025-06-01,3.8
27073,2025-05-01,2.9
27073,2025-04-01,3.1
27073,2025-03-01,3.8
27073,2025-02-01,3.9
27073,2025-01-01,3.8
27073,2024-12-01,2.4
27073,2024-11-01,1.9
27073,2024-10-01,1.9
27073,2024-09-01,2.1
27073,2024-08-01,2.8
27073,2024-07-01,3.6
27073,2024-06-01,3.6
27073,2024-05-01,2.5
27073,2024-04-01,2.4
27073,2024-03-01,3.2
27073,2024-02-01,3.3
27073,2024-01-01,3.5
27073,2023-12-01,2.1
27073,2023-11-01,1.5
27073,2023-10-01,1.5
27073,2023-09-01,1.6
27073,2023-08-01,2.6
27073,2023-07-01,2.9
27073,2023-06-01,3
27073,2023-05-01,2.2
27073,2023-04-01,2.6
27073,2023-03-01,3.3
27073,2023-02-01,3.6
27073,2023-01-01,3.9
27073,2022-12-01,2.8
27073,2022-11-01,1.8
27073,2022-10-01,1.4
27073,2022-09-01,1.4
27073,2022-08-01,2.2
27073,2022-07-01,2.1
27073,2022-06-01,2.4
27073,2022-05-01,1.7
27073,2022-04-01,2.1
27073,2022-03-01,3.1
27073,2022-02-01,3.2
27073,2022-01-01,3.5
27075,2026-07-01,4.1
27075,2026-06-01,4.4
27075,2026-05-01,4.1
27075,2026-04-01,4.3
27075,2026-03-01,5.5
27075,2026-02-01,6.1
27075,2026-01-01,6
27075,2025-12-01,5
27075,2025-11-01,4.6
27075,2025-10-01,NA
27075,2025-09-01,3.5
27075,2025-08-01,3.5
27075,2025-07-01,3.5
27075,2025-06-01,3.9
27075,2025-05-01,4
27075,2025-04-01,3.9
27075,2025-03-01,4.7
27075,2025-02-01,5
27075,2025-01-01,4.8
27075,2024-12-01,3.7
27075,2024-11-01,3.4
27075,2024-10-01,2.6
27075,2024-09-01,2.7
27075,2024-08-01,3
27075,2024-07-01,3.3
27075,2024-06-01,3.4
27075,2024-05-01,2.9
27075,2024-04-01,3
27075,2024-03-01,3.6
27075,2024-02-01,4.3
27075,2024-01-01,4
27075,2023-12-01,3.3
27075,2023-11-01,2.8
27075,2023-10-01,2.9
27075,2023-09-01,2.7
27075,2023-08-01,3.1
27075,2023-07-01,3.3
27075,2023-06-01,3.9
27075,2023-05-01,3.9
27075,2023-04-01,4.1
27075,2023-03-01,5.5
27075,2023-02-01,6.2
27075,2023-01-01,6.3
27075,2022-12-01,5.1
27075,2022-11-01,5.2
27075,2022-10-01,4.5
27075,2022-09-01,5.2
27075,2022-08-01,6.2
27075,2022-07-01,5.6
27075,2022-06-01,6.1
27075,2022-05-01,4.7
27075,2022-04-01,2.5
27075,2022-03-01,3.1
27075,2022-02-01,3.4
27075,2022-01-01,3.7
27077,2026-07-01,5.7
27077,2026-06-01,5.2
27077,2026-05-01,5.7
27077,2026-04-01,5.6
27077,2026-03-01,5.2
27077,2026-02-01,5.6
27077,2026-01-01,6
27077,2025-12-01,6.1
27077,2025-11-01,7.2
27077,2025-10-01,NA
27077,2025-09-01,4.4
27077,2025-08-01,4.7
27077,2025-07-01,4.3
27077,2025-06-01,4.6
27077,2025-05-01,4.2
27077,2025-04-01,5.3
27077,2025-03-01,4.7
27077,2025-02-01,4.8
27077,2025-01-01,4.7
27077,2024-12-01,4.9
27077,2024-11-01,4.7
27077,2024-10-01,3.2
27077,2024-09-01,3.4
27077,2024-08-01,4.2
27077,2024-07-01,4.4
27077,2024-06-01,4.3
27077,2024-05-01,3.8
27077,2024-04-01,5
27077,2024-03-01,4.6
27077,2024-02-01,4.4
27077,2024-01-01,4.5
27077,2023-12-01,4.9
27077,2023-11-01,4.6
27077,2023-10-01,3.3
27077,2023-09-01,3.4
27077,2023-08-01,4.1
27077,2023-07-01,4
27077,2023-06-01,4
27077,2023-05-01,4.1
27077,2023-04-01,4.3
27077,2023-03-01,4.2
27077,2023-02-01,3.8
27077,2023-01-01,3.8
27077,2022-12-01,3.8
27077,2022-11-01,3.4
27077,2022-10-01,2.4
27077,2022-09-01,3.1
27077,2022-08-01,4.3
27077,2022-07-01,3.6
27077,2022-06-01,3.6
27077,2022-05-01,3.1
27077,2022-04-01,3.1
27077,2022-03-01,3.1
27077,2022-02-01,3.2
27077,2022-01-01,4
27079,2026-07-01,4.3
27079,2026-06-01,4.8
27079,2026-05-01,4.2
27079,2026-04-01,6
27079,2026-03-01,8.2
27079,2026-02-01,8.4
27079,2026-01-01,8.5
27079,2025-12-01,7
27079,2025-11-01,4.8
27079,2025-10-01,NA
27079,2025-09-01,3.1
27079,2025-08-01,3.9
27079,2025-07-01,4
27079,2025-06-01,4.2
27079,2025-05-01,3.7
27079,2025-04-01,5.4
27079,2025-03-01,6.9
27079,2025-02-01,6.8
27079,2025-01-01,6.8
27079,2024-12-01,5.2
27079,2024-11-01,3.3
27079,2024-10-01,2.6
27079,2024-09-01,2.6
27079,2024-08-01,3.6
27079,2024-07-01,3.6
27079,2024-06-01,4.3
27079,2024-05-01,3.4
27079,2024-04-01,4.7
27079,2024-03-01,6
27079,2024-02-01,6.1
27079,2024-01-01,5.8
27079,2023-12-01,4.4
27079,2023-11-01,2.7
27079,2023-10-01,2.2
27079,2023-09-01,2.1
27079,2023-08-01,2.8
27079,2023-07-01,2.7
27079,2023-06-01,3.2
27079,2023-05-01,3
27079,2023-04-01,4.6
27079,2023-03-01,5.8
27079,2023-02-01,6.5
27079,2023-01-01,6.1
27079,2022-12-01,4.8
27079,2022-11-01,2.7
27079,2022-10-01,1.7
27079,2022-09-01,1.8
27079,2022-08-01,2.3
27079,2022-07-01,2.2
27079,2022-06-01,2.5
27079,2022-05-01,2
27079,2022-04-01,3.2
27079,2022-03-01,4.5
27079,2022-02-01,5.1
27079,2022-01-01,5.4
27081,2026-07-01,4.3
27081,2026-06-01,4.7
27081,2026-05-01,4.2
27081,2026-04-01,4.7
27081,2026-03-01,7.1
27081,2026-02-01,6.9
27081,2026-01-01,7.7
27081,2025-12-01,5.8
27081,2025-11-01,3.9
27081,2025-10-01,NA
27081,2025-09-01,3.1
27081,2025-08-01,3.7
27081,2025-07-01,3.6
27081,2025-06-01,4
27081,2025-05-01,3.3
27081,2025-04-01,4.5
27081,2025-03-01,5.9
27081,2025-02-01,5.7
27081,2025-01-01,5.9
27081,2024-12-01,3.7
27081,2024-11-01,2.2
27081,2024-10-01,2.1
27081,2024-09-01,2
27081,2024-08-01,2.5
27081,2024-07-01,3.1
27081,2024-06-01,3.2
27081,2024-05-01,2.5
27081,2024-04-01,3.5
27081,2024-03-01,5
27081,2024-02-01,5.2
27081,2024-01-01,4.9
27081,2023-12-01,2.9
27081,2023-11-01,1.5
27081,2023-10-01,1.5
27081,2023-09-01,1.6
27081,2023-08-01,2.2
27081,2023-07-01,2.5
27081,2023-06-01,2.8
27081,2023-05-01,3
27081,2023-04-01,3.8
27081,2023-03-01,5.1
27081,2023-02-01,5.5
27081,2023-01-01,5.5
27081,2022-12-01,3.4
27081,2022-11-01,1.9
27081,2022-10-01,1.4
27081,2022-09-01,1.6
27081,2022-08-01,2.2
27081,2022-07-01,2.1
27081,2022-06-01,2.5
27081,2022-05-01,1.6
27081,2022-04-01,2.9
27081,2022-03-01,4.2
27081,2022-02-01,4.4
27081,2022-01-01,4.7
27083,2026-07-01,4.8
27083,2026-06-01,5
27083,2026-05-01,3.7
27083,2026-04-01,3.8
27083,2026-03-01,4.9
27083,2026-02-01,5.5
27083,2026-01-01,5.5
27083,2025-12-01,4.4
27083,2025-11-01,3.4
27083,2025-10-01,NA
27083,2025-09-01,2.9
27083,2025-08-01,4
27083,2025-07-01,4.4
27083,2025-06-01,4.5
27083,2025-05-01,3.3
27083,2025-04-01,3.6
27083,2025-03-01,4.2
27083,2025-02-01,4.4
27083,2025-01-01,4.3
27083,2024-12-01,2.9
27083,2024-11-01,2.1
27083,2024-10-01,1.9
27083,2024-09-01,2
27083,2024-08-01,3.4
27083,2024-07-01,3.7
27083,2024-06-01,3.8
27083,2024-05-01,2.5
27083,2024-04-01,2.6
27083,2024-03-01,3.2
27083,2024-02-01,3.5
27083,2024-01-01,3.4
27083,2023-12-01,2.4
27083,2023-11-01,1.6
27083,2023-10-01,1.7
27083,2023-09-01,1.9
27083,2023-08-01,3
27083,2023-07-01,2.9
27083,2023-06-01,3.1
27083,2023-05-01,2.3
27083,2023-04-01,2.7
27083,2023-03-01,3.3
27083,2023-02-01,3.7
27083,2023-01-01,3.4
27083,2022-12-01,2.6
27083,2022-11-01,1.9
27083,2022-10-01,1.6
27083,2022-09-01,1.7
27083,2022-08-01,2.4
27083,2022-07-01,2.3
27083,2022-06-01,2.5
27083,2022-05-01,1.9
27083,2022-04-01,2.1
27083,2022-03-01,3
27083,2022-02-01,3.3
27083,2022-01-01,3.5
27085,2026-07-01,4.7
27085,2026-06-01,4.7
27085,2026-05-01,3.7
27085,2026-04-01,4
27085,2026-03-01,5.7
27085,2026-02-01,6
27085,2026-01-01,5.9
27085,2025-12-01,4.9
27085,2025-11-01,4
27085,2025-10-01,NA
27085,2025-09-01,3.2
27085,2025-08-01,4.3
27085,2025-07-01,4.3
27085,2025-06-01,4.4
27085,2025-05-01,3.5
27085,2025-04-01,4
27085,2025-03-01,5
27085,2025-02-01,5
27085,2025-01-01,4.9
27085,2024-12-01,3.6
27085,2024-11-01,2.9
27085,2024-10-01,2.5
27085,2024-09-01,2.6
27085,2024-08-01,3.6
27085,2024-07-01,3.6
27085,2024-06-01,4
27085,2024-05-01,2.8
27085,2024-04-01,3.1
27085,2024-03-01,4
27085,2024-02-01,4.2
27085,2024-01-01,4.1
27085,2023-12-01,3.1
27085,2023-11-01,2
27085,2023-10-01,2.1
27085,2023-09-01,2.2
27085,2023-08-01,3
27085,2023-07-01,2.9
27085,2023-06-01,3.5
27085,2023-05-01,2.8
27085,2023-04-01,3.2
27085,2023-03-01,4.1
27085,2023-02-01,4.2
27085,2023-01-01,4
27085,2022-12-01,3.2
27085,2022-11-01,2.1
27085,2022-10-01,1.8
27085,2022-09-01,1.8
27085,2022-08-01,2.3
27085,2022-07-01,2.1
27085,2022-06-01,2.5
27085,2022-05-01,1.8
27085,2022-04-01,2.2
27085,2022-03-01,3.2
27085,2022-02-01,3.5
27085,2022-01-01,4
27087,2026-07-01,6.9
27087,2026-06-01,6.9
27087,2026-05-01,5.6
27087,2026-04-01,6.9
27087,2026-03-01,7.7
27087,2026-02-01,8.1
27087,2026-01-01,8.3
27087,2025-12-01,6.4
27087,2025-11-01,5.5
27087,2025-10-01,NA
27087,2025-09-01,4
27087,2025-08-01,6
27087,2025-07-01,6.5
27087,2025-06-01,6.3
27087,2025-05-01,4.9
27087,2025-04-01,5.9
27087,2025-03-01,6.8
27087,2025-02-01,6.8
27087,2025-01-01,6.6
27087,2024-12-01,4.7
27087,2024-11-01,3.7
27087,2024-10-01,2.8
27087,2024-09-01,3
27087,2024-08-01,5
27087,2024-07-01,5.6
27087,2024-06-01,5.6
27087,2024-05-01,4.7
27087,2024-04-01,4.9
27087,2024-03-01,5.3
27087,2024-02-01,5.6
27087,2024-01-01,5.5
27087,2023-12-01,4.3
27087,2023-11-01,3.7
27087,2023-10-01,3
27087,2023-09-01,2.9
27087,2023-08-01,4.6
27087,2023-07-01,5
27087,2023-06-01,4.9
27087,2023-05-01,4.3
27087,2023-04-01,6.4
27087,2023-03-01,7
27087,2023-02-01,7
27087,2023-01-01,7
27087,2022-12-01,5.9
27087,2022-11-01,4.3
27087,2022-10-01,3.3
27087,2022-09-01,3
27087,2022-08-01,4.1
27087,2022-07-01,4
27087,2022-06-01,4.1
27087,2022-05-01,3.6
27087,2022-04-01,4.6
27087,2022-03-01,5.8
27087,2022-02-01,7
27087,2022-01-01,7.3
27089,2026-07-01,5.9
27089,2026-06-01,6.1
27089,2026-05-01,5
27089,2026-04-01,7.1
27089,2026-03-01,9
27089,2026-02-01,9.4
27089,2026-01-01,10
27089,2025-12-01,7.9
27089,2025-11-01,6.4
27089,2025-10-01,NA
27089,2025-09-01,3.3
27089,2025-08-01,4.9
27089,2025-07-01,5.7
27089,2025-06-01,6.1
27089,2025-05-01,3.7
27089,2025-04-01,6.1
27089,2025-03-01,7.3
27089,2025-02-01,7.4
27089,2025-01-01,7.7
27089,2024-12-01,5.6
27089,2024-11-01,3.3
27089,2024-10-01,2.2
27089,2024-09-01,2.4
27089,2024-08-01,3.8
27089,2024-07-01,4.7
27089,2024-06-01,4.4
27089,2024-05-01,3.4
27089,2024-04-01,4.7
27089,2024-03-01,6.7
27089,2024-02-01,6.8
27089,2024-01-01,7.1
27089,2023-12-01,5
27089,2023-11-01,3.7
27089,2023-10-01,2
27089,2023-09-01,2.2
27089,2023-08-01,3.4
27089,2023-07-01,3.6
27089,2023-06-01,3.7
27089,2023-05-01,3.9
27089,2023-04-01,5.1
27089,2023-03-01,6.5
27089,2023-02-01,7.3
27089,2023-01-01,7.1
27089,2022-12-01,5.3
27089,2022-11-01,3.8
27089,2022-10-01,1.9
27089,2022-09-01,1.7
27089,2022-08-01,2.4
27089,2022-07-01,2.6
27089,2022-06-01,2.8
27089,2022-05-01,3
27089,2022-04-01,4.2
27089,2022-03-01,5.7
27089,2022-02-01,6.5
27089,2022-01-01,7.1
27091,2026-07-01,4.5
27091,2026-06-01,4.7
27091,2026-05-01,3.7
27091,2026-04-01,3.6
27091,2026-03-01,4.8
27091,2026-02-01,5.2
27091,2026-01-01,5.3
27091,2025-12-01,4.3
27091,2025-11-01,3.9
27091,2025-10-01,NA
27091,2025-09-01,3.3
27091,2025-08-01,4.3
27091,2025-07-01,4.3
27091,2025-06-01,4.3
27091,2025-05-01,3.7
27091,2025-04-01,3.5
27091,2025-03-01,4.2
27091,2025-02-01,4.2
27091,2025-01-01,4
27091,2024-12-01,2.8
27091,2024-11-01,2.7
27091,2024-10-01,2.4
27091,2024-09-01,2.4
27091,2024-08-01,3.3
27091,2024-07-01,3.4
27091,2024-06-01,3.6
27091,2024-05-01,2.7
27091,2024-04-01,2.7
27091,2024-03-01,3.4
27091,2024-02-01,3.5
27091,2024-01-01,3.3
27091,2023-12-01,2.5
27091,2023-11-01,1.8
27091,2023-10-01,2.1
27091,2023-09-01,2.4
27091,2023-08-01,2.7
27091,2023-07-01,3
27091,2023-06-01,3.3
27091,2023-05-01,2.4
27091,2023-04-01,2.7
27091,2023-03-01,3.2
27091,2023-02-01,3.4
27091,2023-01-01,3.1
27091,2022-12-01,2.4
27091,2022-11-01,1.9
27091,2022-10-01,1.6
27091,2022-09-01,1.7
27091,2022-08-01,2.4
27091,2022-07-01,2.5
27091,2022-06-01,2.7
27091,2022-05-01,2.3
27091,2022-04-01,1.9
27091,2022-03-01,2.8
27091,2022-02-01,2.9
27091,2022-01-01,3.2
27093,2026-07-01,5.1
27093,2026-06-01,5.2
27093,2026-05-01,3.8
27093,2026-04-01,4.9
27093,2026-03-01,6.3
27093,2026-02-01,6.7
27093,2026-01-01,6.8
27093,2025-12-01,5.7
27093,2025-11-01,3.9
27093,2025-10-01,NA
27093,2025-09-01,3.3
27093,2025-08-01,4.3
27093,2025-07-01,4.5
27093,2025-06-01,4.6
27093,2025-05-01,3.3
27093,2025-04-01,4.7
27093,2025-03-01,5.9
27093,2025-02-01,5.9
27093,2025-01-01,5.7
27093,2024-12-01,4
27093,2024-11-01,3.1
27093,2024-10-01,2.4
27093,2024-09-01,2.5
27093,2024-08-01,3.6
27093,2024-07-01,3.9
27093,2024-06-01,4.1
27093,2024-05-01,2.9
27093,2024-04-01,3.7
27093,2024-03-01,4.8
27093,2024-02-01,5
27093,2024-01-01,4.9
27093,2023-12-01,3.5
27093,2023-11-01,2.3
27093,2023-10-01,2.1
27093,2023-09-01,2.2
27093,2023-08-01,3.2
27093,2023-07-01,3.2
27093,2023-06-01,3.3
27093,2023-05-01,2.8
27093,2023-04-01,3.9
27093,2023-03-01,4.7
27093,2023-02-01,5
27093,2023-01-01,5
27093,2022-12-01,4
27093,2022-11-01,2.6
27093,2022-10-01,1.9
27093,2022-09-01,1.8
27093,2022-08-01,2.3
27093,2022-07-01,2.2
27093,2022-06-01,2.4
27093,2022-05-01,1.8
27093,2022-04-01,2.7
27093,2022-03-01,3.9
27093,2022-02-01,4.4
27093,2022-01-01,4.7
27095,2026-07-01,5.7
27095,2026-06-01,5.8
27095,2026-05-01,4.8
27095,2026-04-01,6.6
27095,2026-03-01,9.3
27095,2026-02-01,9.5
27095,2026-01-01,10
27095,2025-12-01,8.3
27095,2025-11-01,6.1
27095,2025-10-01,NA
27095,2025-09-01,4
27095,2025-08-01,5
27095,2025-07-01,5
27095,2025-06-01,5.2
27095,2025-05-01,4.2
27095,2025-04-01,6.2
27095,2025-03-01,7.9
27095,2025-02-01,8
27095,2025-01-01,7.9
27095,2024-12-01,5.6
27095,2024-11-01,4
27095,2024-10-01,3.2
27095,2024-09-01,3.1
27095,2024-08-01,4.2
27095,2024-07-01,4.4
27095,2024-06-01,4.4
27095,2024-05-01,3.8
27095,2024-04-01,5.2
27095,2024-03-01,7.1
27095,2024-02-01,7
27095,2024-01-01,7.2
27095,2023-12-01,5.1
27095,2023-11-01,3.1
27095,2023-10-01,2.6
27095,2023-09-01,2.6
27095,2023-08-01,3.5
27095,2023-07-01,3.4
27095,2023-06-01,3.9
27095,2023-05-01,3.6
27095,2023-04-01,5.3
27095,2023-03-01,6.8
27095,2023-02-01,7.3
27095,2023-01-01,7.1
27095,2022-12-01,5.3
27095,2022-11-01,3.3
27095,2022-10-01,2.3
27095,2022-09-01,2.2
27095,2022-08-01,2.7
27095,2022-07-01,2.4
27095,2022-06-01,2.7
27095,2022-05-01,2.4
27095,2022-04-01,3.5
27095,2022-03-01,5.2
27095,2022-02-01,5.8
27095,2022-01-01,6.5
27097,2026-07-01,5.3
27097,2026-06-01,5.4
27097,2026-05-01,4.4
27097,2026-04-01,6.2
27097,2026-03-01,9.1
27097,2026-02-01,9.2
27097,2026-01-01,9.6
27097,2025-12-01,8.1
27097,2025-11-01,5.9
27097,2025-10-01,NA
27097,2025-09-01,3.6
27097,2025-08-01,4.8
27097,2025-07-01,4.6
27097,2025-06-01,4.7
27097,2025-05-01,3.9
27097,2025-04-01,5.4
27097,2025-03-01,7.1
27097,2025-02-01,7.5
27097,2025-01-01,7.3
27097,2024-12-01,5.4
27097,2024-11-01,3.6
27097,2024-10-01,2.6
27097,2024-09-01,2.5
27097,2024-08-01,3.9
27097,2024-07-01,4.1
27097,2024-06-01,4.3
27097,2024-05-01,3.2
27097,2024-04-01,4.6
27097,2024-03-01,6.4
27097,2024-02-01,6.7
27097,2024-01-01,6.8
27097,2023-12-01,5
27097,2023-11-01,3.2
27097,2023-10-01,2.2
27097,2023-09-01,2.2
27097,2023-08-01,3.3
27097,2023-07-01,3.3
27097,2023-06-01,3.8
27097,2023-05-01,3.3
27097,2023-04-01,5
27097,2023-03-01,6.6
27097,2023-02-01,7.1
27097,2023-01-01,7.2
27097,2022-12-01,5.7
27097,2022-11-01,3.7
27097,2022-10-01,2.1
27097,2022-09-01,2.1
27097,2022-08-01,2.9
27097,2022-07-01,2.8
27097,2022-06-01,3
27097,2022-05-01,2.7
27097,2022-04-01,3.9
27097,2022-03-01,5.5
27097,2022-02-01,6.2
27097,2022-01-01,6.8
27099,2026-07-01,4.7
27099,2026-06-01,4.8
27099,2026-05-01,3.7
27099,2026-04-01,3.5
27099,2026-03-01,4.6
27099,2026-02-01,4.9
27099,2026-01-01,4.8
27099,2025-12-01,4.1
27099,2025-11-01,3.6
27099,2025-10-01,NA
27099,2025-09-01,3.1
27099,2025-08-01,3.8
27099,2025-07-01,3.9
27099,2025-06-01,4
27099,2025-05-01,3.5
27099,2025-04-01,3.2
27099,2025-03-01,3.9
27099,2025-02-01,3.8
27099,2025-01-01,3.7
27099,2024-12-01,2.6
27099,2024-11-01,2.3
27099,2024-10-01,2.2
27099,2024-09-01,2.3
27099,2024-08-01,3.1
27099,2024-07-01,3.3
27099,2024-06-01,3.4
27099,2024-05-01,2.5
27099,2024-04-01,2.6
27099,2024-03-01,2.9
27099,2024-02-01,3.3
27099,2024-01-01,3
27099,2023-12-01,2.4
27099,2023-11-01,1.8
27099,2023-10-01,2.1
27099,2023-09-01,2.1
27099,2023-08-01,2.9
27099,2023-07-01,2.8
27099,2023-06-01,3.1
27099,2023-05-01,2.6
27099,2023-04-01,2.5
27099,2023-03-01,3.1
27099,2023-02-01,3.3
27099,2023-01-01,3.2
27099,2022-12-01,2.6
27099,2022-11-01,2
27099,2022-10-01,1.9
27099,2022-09-01,1.8
27099,2022-08-01,2.4
27099,2022-07-01,2.3
27099,2022-06-01,2.5
27099,2022-05-01,1.9
27099,2022-04-01,1.9
27099,2022-03-01,2.8
27099,2022-02-01,3
27099,2022-01-01,3.3
27101,2026-07-01,5.3
27101,2026-06-01,5
27101,2026-05-01,3.7
27101,2026-04-01,4.2
27101,2026-03-01,7
27101,2026-02-01,8.1
27101,2026-01-01,8.6
27101,2025-12-01,6.4
27101,2025-11-01,4.2
27101,2025-10-01,NA
27101,2025-09-01,3
27101,2025-08-01,4.1
27101,2025-07-01,4.9
27101,2025-06-01,5
27101,2025-05-01,3.7
27101,2025-04-01,4.4
27101,2025-03-01,6.1
27101,2025-02-01,6.3
27101,2025-01-01,6.3
27101,2024-12-01,4
27101,2024-11-01,2.7
27101,2024-10-01,2.2
27101,2024-09-01,2.4
27101,2024-08-01,3.7
27101,2024-07-01,4.2
27101,2024-06-01,4
27101,2024-05-01,2.8
27101,2024-04-01,3.7
27101,2024-03-01,5.1
27101,2024-02-01,5.8
27101,2024-01-01,5.9
27101,2023-12-01,3.7
27101,2023-11-01,2.5
27101,2023-10-01,2.4
27101,2023-09-01,2.7
27101,2023-08-01,3.5
27101,2023-07-01,4.1
27101,2023-06-01,4
27101,2023-05-01,2.9
27101,2023-04-01,4.5
27101,2023-03-01,6.1
27101,2023-02-01,7.3
27101,2023-01-01,6.9
27101,2022-12-01,4.7
27101,2022-11-01,2.5
27101,2022-10-01,1.8
27101,2022-09-01,1.6
27101,2022-08-01,2
27101,2022-07-01,2.4
27101,2022-06-01,2.5
27101,2022-05-01,2.2
27101,2022-04-01,3.4
27101,2022-03-01,4.8
27101,2022-02-01,5.9
27101,2022-01-01,6.2
27103,2026-07-01,3.5
27103,2026-06-01,3.9
27103,2026-05-01,3.4
27103,2026-04-01,3.1
27103,2026-03-01,4
27103,2026-02-01,4.3
27103,2026-01-01,4.3
27103,2025-12-01,3.5
27103,2025-11-01,3
27103,2025-10-01,NA
27103,2025-09-01,2.8
27103,2025-08-01,3.2
27103,2025-07-01,3.4
27103,2025-06-01,3.5
27103,2025-05-01,3
27103,2025-04-01,2.8
27103,2025-03-01,3.5
27103,2025-02-01,3.5
27103,2025-01-01,3.2
27103,2024-12-01,2.4
27103,2024-11-01,2.1
27103,2024-10-01,2
27103,2024-09-01,2.2
27103,2024-08-01,2.9
27103,2024-07-01,3.2
27103,2024-06-01,3.4
27103,2024-05-01,2.6
27103,2024-04-01,2.4
27103,2024-03-01,3
27103,2024-02-01,3.2
27103,2024-01-01,3
27103,2023-12-01,2.2
27103,2023-11-01,1.6
27103,2023-10-01,1.9
27103,2023-09-01,2
27103,2023-08-01,2.5
27103,2023-07-01,2.4
27103,2023-06-01,2.5
27103,2023-05-01,2.1
27103,2023-04-01,2.2
27103,2023-03-01,2.7
27103,2023-02-01,2.7
27103,2023-01-01,2.6
27103,2022-12-01,2.2
27103,2022-11-01,1.6
27103,2022-10-01,1.4
27103,2022-09-01,1.4
27103,2022-08-01,1.9
27103,2022-07-01,1.9
27103,2022-06-01,2.1
27103,2022-05-01,1.5
27103,2022-04-01,1.5
27103,2022-03-01,2.3
27103,2022-02-01,2.5
27103,2022-01-01,2.6
27105,2026-07-01,5.4
27105,2026-06-01,4.9
27105,2026-05-01,3.4
27105,2026-04-01,3
27105,2026-03-01,3.7
27105,2026-02-01,4.1
27105,2026-01-01,4.3
27105,2025-12-01,3.4
27105,2025-11-01,3.1
27105,2025-10-01,NA
27105,2025-09-01,2.9
27105,2025-08-01,4.3
27105,2025-07-01,5
27105,2025-06-01,4.5
27105,2025-05-01,3
27105,2025-04-01,2.6
27105,2025-03-01,3.3
27105,2025-02-01,3.3
27105,2025-01-01,3.1
27105,2024-12-01,2.1
27105,2024-11-01,2
27105,2024-10-01,2.2
27105,2024-09-01,2.4
27105,2024-08-01,3.4
27105,2024-07-01,4.4
27105,2024-06-01,4
27105,2024-05-01,2.5
27105,2024-04-01,2.1
27105,2024-03-01,2.4
27105,2024-02-01,2.8
27105,2024-01-01,2.6
27105,2023-12-01,1.9
27105,2023-11-01,1.6
27105,2023-10-01,2.2
27105,2023-09-01,2.7
27105,2023-08-01,3.4
27105,2023-07-01,4
27105,2023-06-01,3.8
27105,2023-05-01,2.1
27105,2023-04-01,2.2
27105,2023-03-01,2.7
27105,2023-02-01,2.8
27105,2023-01-01,2.8
27105,2022-12-01,2.3
27105,2022-11-01,1.8
27105,2022-10-01,1.4
27105,2022-09-01,1.4
27105,2022-08-01,2
27105,2022-07-01,2.3
27105,2022-06-01,2.3
27105,2022-05-01,1.7
27105,2022-04-01,1.6
27105,2022-03-01,2.3
27105,2022-02-01,2.4
27105,2022-01-01,2.7
27107,2026-07-01,4.7
27107,2026-06-01,5
27107,2026-05-01,3.7
27107,2026-04-01,4.1
27107,2026-03-01,5.4
27107,2026-02-01,5.4
27107,2026-01-01,5.8
27107,2025-12-01,4.5
27107,2025-11-01,3.5
27107,2025-10-01,NA
27107,2025-09-01,2.3
27107,2025-08-01,3.1
27107,2025-07-01,3.9
27107,2025-06-01,4.4
27107,2025-05-01,3.1
27107,2025-04-01,3.9
27107,2025-03-01,4.7
27107,2025-02-01,4.9
27107,2025-01-01,4.8
27107,2024-12-01,4
27107,2024-11-01,2.6
27107,2024-10-01,1.8
27107,2024-09-01,2.3
27107,2024-08-01,3
27107,2024-07-01,4
27107,2024-06-01,3.9
27107,2024-05-01,3
27107,2024-04-01,3.2
27107,2024-03-01,4.5
27107,2024-02-01,5
27107,2024-01-01,4.9
27107,2023-12-01,3.3
27107,2023-11-01,2.1
27107,2023-10-01,1.9
27107,2023-09-01,2.2
27107,2023-08-01,3.4
27107,2023-07-01,4
27107,2023-06-01,3.9
27107,2023-05-01,2.8
27107,2023-04-01,3.6
27107,2023-03-01,4.6
27107,2023-02-01,4.8
27107,2023-01-01,4.7
27107,2022-12-01,3.7
27107,2022-11-01,2.7
27107,2022-10-01,2
27107,2022-09-01,2.1
27107,2022-08-01,2.7
27107,2022-07-01,3.1
27107,2022-06-01,3.1
27107,2022-05-01,2.3
27107,2022-04-01,3
27107,2022-03-01,4.1
27107,2022-02-01,4.5
27107,2022-01-01,4.7
27109,2026-07-01,3.6
27109,2026-06-01,3.8
27109,2026-05-01,3.4
27109,2026-04-01,3.1
27109,2026-03-01,3.8
27109,2026-02-01,4.1
27109,2026-01-01,4
27109,2025-12-01,3.2
27109,2025-11-01,3.2
27109,2025-10-01,NA
27109,2025-09-01,2.9
27109,2025-08-01,3.1
27109,2025-07-01,3.1
27109,2025-06-01,3.2
27109,2025-05-01,3
27109,2025-04-01,2.8
27109,2025-03-01,3.3
27109,2025-02-01,3.4
27109,2025-01-01,3.1
27109,2024-12-01,2.3
27109,2024-11-01,2.3
27109,2024-10-01,2.2
27109,2024-09-01,2.3
27109,2024-08-01,2.7
27109,2024-07-01,2.8
27109,2024-06-01,2.8
27109,2024-05-01,2.2
27109,2024-04-01,2.2
27109,2024-03-01,2.4
27109,2024-02-01,2.7
27109,2024-01-01,2.5
27109,2023-12-01,1.9
27109,2023-11-01,1.5
27109,2023-10-01,1.9
27109,2023-09-01,2
27109,2023-08-01,2.3
27109,2023-07-01,2.3
27109,2023-06-01,2.5
27109,2023-05-01,2.2
27109,2023-04-01,2.1
27109,2023-03-01,2.4
27109,2023-02-01,2.6
27109,2023-01-01,2.5
27109,2022-12-01,2.1
27109,2022-11-01,1.7
27109,2022-10-01,1.6
27109,2022-09-01,1.7
27109,2022-08-01,2.1
27109,2022-07-01,2
27109,2022-06-01,2.3
27109,2022-05-01,1.6
27109,2022-04-01,1.6
27109,2022-03-01,2.3
27109,2022-02-01,2.5
27109,2022-01-01,2.8
27111,2026-07-01,4.5
27111,2026-06-01,4.7
27111,2026-05-01,4
27111,2026-04-01,4.8
27111,2026-03-01,6.9
27111,2026-02-01,7.2
27111,2026-01-01,7.4
27111,2025-12-01,5.9
27111,2025-11-01,4.5
27111,2025-10-01,NA
27111,2025-09-01,3.3
27111,2025-08-01,3.8
27111,2025-07-01,3.8
27111,2025-06-01,4
27111,2025-05-01,3.5
27111,2025-04-01,4.6
27111,2025-03-01,5.8
27111,2025-02-01,5.9
27111,2025-01-01,5.8
27111,2024-12-01,4.2
27111,2024-11-01,3
27111,2024-10-01,2.5
27111,2024-09-01,2.6
27111,2024-08-01,3.3
27111,2024-07-01,3.5
27111,2024-06-01,3.6
27111,2024-05-01,2.7
27111,2024-04-01,3.4
27111,2024-03-01,4.7
27111,2024-02-01,5
27111,2024-01-01,5
27111,2023-12-01,3.7
27111,2023-11-01,2.4
27111,2023-10-01,2.2
27111,2023-09-01,2.2
27111,2023-08-01,2.7
27111,2023-07-01,3
27111,2023-06-01,3
27111,2023-05-01,2.7
27111,2023-04-01,3.8
27111,2023-03-01,4.6
27111,2023-02-01,5.1
27111,2023-01-01,5.1
27111,2022-12-01,3.7
27111,2022-11-01,2.4
27111,2022-10-01,1.7
27111,2022-09-01,1.7
27111,2022-08-01,2.2
27111,2022-07-01,2.2
27111,2022-06-01,2.5
27111,2022-05-01,2
27111,2022-04-01,2.8
27111,2022-03-01,4
27111,2022-02-01,4.5
27111,2022-01-01,4.7
27113,2026-07-01,4.9
27113,2026-06-01,5.1
27113,2026-05-01,4.6
27113,2026-04-01,5.3
27113,2026-03-01,8
27113,2026-02-01,9.5
27113,2026-01-01,9.8
27113,2025-12-01,6.9
27113,2025-11-01,4.6
27113,2025-10-01,NA
27113,2025-09-01,3.3
27113,2025-08-01,3.9
27113,2025-07-01,5.9
27113,2025-06-01,6.9
27113,2025-05-01,4.3
27113,2025-04-01,5.3
27113,2025-03-01,6.7
27113,2025-02-01,6.7
27113,2025-01-01,8
27113,2024-12-01,7.1
27113,2024-11-01,3.2
27113,2024-10-01,2.6
27113,2024-09-01,2.8
27113,2024-08-01,4.1
27113,2024-07-01,5.5
27113,2024-06-01,4.3
27113,2024-05-01,3.2
27113,2024-04-01,3.9
27113,2024-03-01,6.2
27113,2024-02-01,6.3
27113,2024-01-01,6.8
27113,2023-12-01,4.3
27113,2023-11-01,2.4
27113,2023-10-01,2.1
27113,2023-09-01,2.1
27113,2023-08-01,2.9
27113,2023-07-01,2.9
27113,2023-06-01,3.2
27113,2023-05-01,3.1
27113,2023-04-01,3.6
27113,2023-03-01,5.2
27113,2023-02-01,5.8
27113,2023-01-01,5.8
27113,2022-12-01,4.7
27113,2022-11-01,2.6
27113,2022-10-01,2.2
27113,2022-09-01,2.1
27113,2022-08-01,2.6
27113,2022-07-01,2.6
27113,2022-06-01,2.7
27113,2022-05-01,2.4
27113,2022-04-01,3.7
27113,2022-03-01,4.4
27113,2022-02-01,5.2
27113,2022-01-01,5.5
27115,2026-07-01,6.5
27115,2026-06-01,6.6
27115,2026-05-01,5.7
27115,2026-04-01,8
27115,2026-03-01,10.9
27115,2026-02-01,11.2
27115,2026-01-01,11.7
27115,2025-12-01,9.6
27115,2025-11-01,6.9
27115,2025-10-01,NA
27115,2025-09-01,4.5
27115,2025-08-01,5.7
27115,2025-07-01,5.6
27115,2025-06-01,5.6
27115,2025-05-01,5
27115,2025-04-01,7.6
27115,2025-03-01,9.6
27115,2025-02-01,9.8
27115,2025-01-01,9.6
27115,2024-12-01,6.7
27115,2024-11-01,4.6
27115,2024-10-01,3.6
27115,2024-09-01,3.7
27115,2024-08-01,4.8
27115,2024-07-01,5
27115,2024-06-01,5.5
27115,2024-05-01,4.7
27115,2024-04-01,6.3
27115,2024-03-01,8.1
27115,2024-02-01,8.2
27115,2024-01-01,8.1
27115,2023-12-01,5.8
27115,2023-11-01,3.5
27115,2023-10-01,3.1
27115,2023-09-01,3.1
27115,2023-08-01,4
27115,2023-07-01,4.3
27115,2023-06-01,4.6
27115,2023-05-01,4.6
27115,2023-04-01,6.6
27115,2023-03-01,8.1
27115,2023-02-01,8.7
27115,2023-01-01,8.2
27115,2022-12-01,6.4
27115,2022-11-01,4
27115,2022-10-01,2.9
27115,2022-09-01,2.6
27115,2022-08-01,3.3
27115,2022-07-01,3.1
27115,2022-06-01,3.4
27115,2022-05-01,3.2
27115,2022-04-01,4.5
27115,2022-03-01,6.2
27115,2022-02-01,6.9
27115,2022-01-01,7.5
27117,2026-07-01,3.9
27117,2026-06-01,4.1
27117,2026-05-01,3.3
27117,2026-04-01,3.7
27117,2026-03-01,6.4
27117,2026-02-01,6.9
27117,2026-01-01,6.9
27117,2025-12-01,5
27117,2025-11-01,3.2
27117,2025-10-01,NA
27117,2025-09-01,2.7
27117,2025-08-01,3.3
27117,2025-07-01,3.4
27117,2025-06-01,3.8
27117,2025-05-01,2.9
27117,2025-04-01,3.6
27117,2025-03-01,5.8
27117,2025-02-01,5.6
27117,2025-01-01,5.6
27117,2024-12-01,3.2
27117,2024-11-01,2
27117,2024-10-01,1.8
27117,2024-09-01,1.8
27117,2024-08-01,2.5
27117,2024-07-01,2.9
27117,2024-06-01,3
27117,2024-05-01,2.1
27117,2024-04-01,2.6
27117,2024-03-01,3.9
27117,2024-02-01,4.6
27117,2024-01-01,3.9
27117,2023-12-01,2
27117,2023-11-01,1.5
27117,2023-10-01,1.6
27117,2023-09-01,1.8
27117,2023-08-01,2.2
27117,2023-07-01,2.6
27117,2023-06-01,2.8
27117,2023-05-01,2.5
27117,2023-04-01,3.3
27117,2023-03-01,4.8
27117,2023-02-01,4.9
27117,2023-01-01,4.3
27117,2022-12-01,2.5
27117,2022-11-01,1.6
27117,2022-10-01,1.4
27117,2022-09-01,1.6
27117,2022-08-01,1.9
27117,2022-07-01,1.8
27117,2022-06-01,2
27117,2022-05-01,1.5
27117,2022-04-01,2.3
27117,2022-03-01,3.5
27117,2022-02-01,3.9
27117,2022-01-01,4.1
27119,2026-07-01,5.1
27119,2026-06-01,5.3
27119,2026-05-01,3.8
27119,2026-04-01,4.1
27119,2026-03-01,5
27119,2026-02-01,5.3
27119,2026-01-01,5.5
27119,2025-12-01,4.4
27119,2025-11-01,3.8
27119,2025-10-01,NA
27119,2025-09-01,3.2
27119,2025-08-01,4.2
27119,2025-07-01,4.7
27119,2025-06-01,4.9
27119,2025-05-01,3.6
27119,2025-04-01,3.8
27119,2025-03-01,4.4
27119,2025-02-01,4.5
27119,2025-01-01,4.2
27119,2024-12-01,3.1
27119,2024-11-01,2.6
27119,2024-10-01,2.1
27119,2024-09-01,2.4
27119,2024-08-01,3.6
27119,2024-07-01,4.4
27119,2024-06-01,4.3
27119,2024-05-01,2.8
27119,2024-04-01,3
27119,2024-03-01,3.7
27119,2024-02-01,3.8
27119,2024-01-01,3.6
27119,2023-12-01,2.6
27119,2023-11-01,2
27119,2023-10-01,1.9
27119,2023-09-01,2.1
27119,2023-08-01,3.1
27119,2023-07-01,3.4
27119,2023-06-01,3.6
27119,2023-05-01,2.9
27119,2023-04-01,3.1
27119,2023-03-01,3.5
27119,2023-02-01,3.7
27119,2023-01-01,3.5
27119,2022-12-01,2.8
27119,2022-11-01,2.1
27119,2022-10-01,1.7
27119,2022-09-01,1.8
27119,2022-08-01,2.7
27119,2022-07-01,2.8
27119,2022-06-01,3
27119,2022-05-01,2.2
27119,2022-04-01,2.6
27119,2022-03-01,3.4
27119,2022-02-01,3.6
27119,2022-01-01,3.9
27121,2026-07-01,4.2
27121,2026-06-01,4.1
27121,2026-05-01,3.8
27121,2026-04-01,3.9
27121,2026-03-01,5.5
27121,2026-02-01,5.7
27121,2026-01-01,6
27121,2025-12-01,4.8
27121,2025-11-01,4.1
27121,2025-10-01,NA
27121,2025-09-01,3.1
27121,2025-08-01,3.5
27121,2025-07-01,3.6
27121,2025-06-01,3.8
27121,2025-05-01,3.2
27121,2025-04-01,3.9
27121,2025-03-01,4.5
27121,2025-02-01,5
27121,2025-01-01,5
27121,2024-12-01,3.8
27121,2024-11-01,2.9
27121,2024-10-01,2.4
27121,2024-09-01,2.2
27121,2024-08-01,3.2
27121,2024-07-01,3.5
27121,2024-06-01,3.4
27121,2024-05-01,2.5
27121,2024-04-01,3.1
27121,2024-03-01,4.3
27121,2024-02-01,4.5
27121,2024-01-01,4.4
27121,2023-12-01,3.4
27121,2023-11-01,2.4
27121,2023-10-01,1.9
27121,2023-09-01,2
27121,2023-08-01,2.6
27121,2023-07-01,2.5
27121,2023-06-01,2.8
27121,2023-05-01,2.4
27121,2023-04-01,3.2
27121,2023-03-01,3.7
27121,2023-02-01,4.2
27121,2023-01-01,4.1
27121,2022-12-01,3.3
27121,2022-11-01,2.2
27121,2022-10-01,1.4
27121,2022-09-01,1.6
27121,2022-08-01,1.8
27121,2022-07-01,1.8
27121,2022-06-01,2
27121,2022-05-01,1.6
27121,2022-04-01,2.2
27121,2022-03-01,3.1
27121,2022-02-01,3.6
27121,2022-01-01,3.8
27123,2026-07-01,4.7
27123,2026-06-01,4.5
27123,2026-05-01,4.2
27123,2026-04-01,3.9
27123,2026-03-01,4.4
27123,2026-02-01,4.7
27123,2026-01-01,4.7
27123,2025-12-01,3.9
27123,2025-11-01,4.1
27123,2025-10-01,NA
27123,2025-09-01,3.9
27123,2025-08-01,4.2
27123,2025-07-01,4
27123,2025-06-01,3.9
27123,2025-05-01,3.6
27123,2025-04-01,3.3
27123,2025-03-01,3.6
27123,2025-02-01,3.6
27123,2025-01-01,3.4
27123,2024-12-01,2.7
27123,2024-11-01,2.8
27123,2024-10-01,2.8
27123,2024-09-01,3
27123,2024-08-01,3.6
27123,2024-07-01,3.5
27123,2024-06-01,3.5
27123,2024-05-01,3
27123,2024-04-01,2.7
27123,2024-03-01,3
27123,2024-02-01,3.2
27123,2024-01-01,2.9
27123,2023-12-01,2.3
27123,2023-11-01,2
27123,2023-10-01,2.4
27123,2023-09-01,2.5
27123,2023-08-01,2.9
27123,2023-07-01,2.8
27123,2023-06-01,3
27123,2023-05-01,2.8
27123,2023-04-01,2.4
27123,2023-03-01,2.7
27123,2023-02-01,2.8
27123,2023-01-01,2.7
27123,2022-12-01,2.3
27123,2022-11-01,2.1
27123,2022-10-01,2.1
27123,2022-09-01,2.1
27123,2022-08-01,2.7
27123,2022-07-01,2.5
27123,2022-06-01,2.7
27123,2022-05-01,2
27123,2022-04-01,1.9
27123,2022-03-01,2.6
27123,2022-02-01,2.7
27123,2022-01-01,3
27125,2026-07-01,6.8
27125,2026-06-01,7
27125,2026-05-01,5
27125,2026-04-01,6.2
27125,2026-03-01,8
27125,2026-02-01,8.9
27125,2026-01-01,8.7
27125,2025-12-01,6.2
27125,2025-11-01,4.8
27125,2025-10-01,NA
27125,2025-09-01,4.2
27125,2025-08-01,6.3
27125,2025-07-01,7.2
27125,2025-06-01,7.5
27125,2025-05-01,5.3
27125,2025-04-01,6.3
27125,2025-03-01,7.3
27125,2025-02-01,7.2
27125,2025-01-01,7.9
27125,2024-12-01,6
27125,2024-11-01,4.1
27125,2024-10-01,3.1
27125,2024-09-01,2.8
27125,2024-08-01,4.6
27125,2024-07-01,6
27125,2024-06-01,5.2
27125,2024-05-01,3.4
27125,2024-04-01,4.2
27125,2024-03-01,6
27125,2024-02-01,6.1
27125,2024-01-01,6.3
27125,2023-12-01,4
27125,2023-11-01,3.2
27125,2023-10-01,2
27125,2023-09-01,2.4
27125,2023-08-01,3.7
27125,2023-07-01,3.6
27125,2023-06-01,3.9
27125,2023-05-01,3.6
27125,2023-04-01,5
27125,2023-03-01,5.6
27125,2023-02-01,6.4
27125,2023-01-01,6.1
27125,2022-12-01,3.8
27125,2022-11-01,3.5
27125,2022-10-01,2.6
27125,2022-09-01,2.4
27125,2022-08-01,3.5
27125,2022-07-01,2.8
27125,2022-06-01,3.1
27125,2022-05-01,3.1
27125,2022-04-01,4
27125,2022-03-01,4.6
27125,2022-02-01,5.2
27125,2022-01-01,5.9
27127,2026-07-01,4.9
27127,2026-06-01,4.8
27127,2026-05-01,3.8
27127,2026-04-01,3.3
27127,2026-03-01,4.8
27127,2026-02-01,5.3
27127,2026-01-01,5.4
27127,2025-12-01,4
27127,2025-11-01,3.7
27127,2025-10-01,NA
27127,2025-09-01,3.1
27127,2025-08-01,3.7
27127,2025-07-01,4.2
27127,2025-06-01,4.4
27127,2025-05-01,3.3
27127,2025-04-01,3.2
27127,2025-03-01,4.1
27127,2025-02-01,4.4
27127,2025-01-01,4.1
27127,2024-12-01,2.8
27127,2024-11-01,2.5
27127,2024-10-01,2.2
27127,2024-09-01,2.3
27127,2024-08-01,3.2
27127,2024-07-01,3.9
27127,2024-06-01,3.6
27127,2024-05-01,2.3
27127,2024-04-01,2.5
27127,2024-03-01,3
27127,2024-02-01,3.4
27127,2024-01-01,3.2
27127,2023-12-01,2.3
27127,2023-11-01,1.9
27127,2023-10-01,2.1
27127,2023-09-01,2.3
27127,2023-08-01,2.8
27127,2023-07-01,3.2
27127,2023-06-01,3.3
27127,2023-05-01,2.7
27127,2023-04-01,2.8
27127,2023-03-01,3.3
27127,2023-02-01,3.4
27127,2023-01-01,3.5
27127,2022-12-01,2.6
27127,2022-11-01,2
27127,2022-10-01,1.7
27127,2022-09-01,1.6
27127,2022-08-01,2.3
27127,2022-07-01,2.3
27127,2022-06-01,2.4
27127,2022-05-01,1.7
27127,2022-04-01,2
27127,2022-03-01,2.8
27127,2022-02-01,3
27127,2022-01-01,3.6
27129,2026-07-01,6.1
27129,2026-06-01,6.4
27129,2026-05-01,5.2
27129,2026-04-01,5.8
27129,2026-03-01,7.7
27129,2026-02-01,7.8
27129,2026-01-01,7.9
27129,2025-12-01,6
27129,2025-11-01,4.7
27129,2025-10-01,NA
27129,2025-09-01,4
27129,2025-08-01,4.8
27129,2025-07-01,5.6
27129,2025-06-01,6
27129,2025-05-01,4.8
27129,2025-04-01,6.1
27129,2025-03-01,7
27129,2025-02-01,6.4
27129,2025-01-01,6.2
27129,2024-12-01,4.1
27129,2024-11-01,3.4
27129,2024-10-01,2.7
27129,2024-09-01,2.8
27129,2024-08-01,3.9
27129,2024-07-01,4.9
27129,2024-06-01,5.3
27129,2024-05-01,4.6
27129,2024-04-01,4.6
27129,2024-03-01,5.6
27129,2024-02-01,5.8
27129,2024-01-01,5.5
27129,2023-12-01,3.8
27129,2023-11-01,2.5
27129,2023-10-01,2.3
27129,2023-09-01,2.6
27129,2023-08-01,3.9
27129,2023-07-01,4.2
27129,2023-06-01,4.6
27129,2023-05-01,4
27129,2023-04-01,4.3
27129,2023-03-01,5.1
27129,2023-02-01,5.5
27129,2023-01-01,5.2
27129,2022-12-01,3.9
27129,2022-11-01,2.5
27129,2022-10-01,2.1
27129,2022-09-01,2.6
27129,2022-08-01,3.5
27129,2022-07-01,3.5
27129,2022-06-01,3.6
27129,2022-05-01,2.7
27129,2022-04-01,3.3
27129,2022-03-01,4.7
27129,2022-02-01,5.2
27129,2022-01-01,5.4
27131,2026-07-01,4.5
27131,2026-06-01,4.6
27131,2026-05-01,3.9
27131,2026-04-01,3.9
27131,2026-03-01,4.8
27131,2026-02-01,5.3
27131,2026-01-01,5.4
27131,2025-12-01,4.4
27131,2025-11-01,3.9
27131,2025-10-01,NA
27131,2025-09-01,3.2
27131,2025-08-01,4
27131,2025-07-01,4.1
27131,2025-06-01,4.1
27131,2025-05-01,3.3
27131,2025-04-01,3.6
27131,2025-03-01,4.2
27131,2025-02-01,4.2
27131,2025-01-01,4
27131,2024-12-01,3.1
27131,2024-11-01,2.6
27131,2024-10-01,2.3
27131,2024-09-01,2.4
27131,2024-08-01,3.5
27131,2024-07-01,3.5
27131,2024-06-01,3.8
27131,2024-05-01,2.7
27131,2024-04-01,2.8
27131,2024-03-01,3.6
27131,2024-02-01,3.8
27131,2024-01-01,3.6
27131,2023-12-01,2.7
27131,2023-11-01,1.9
27131,2023-10-01,2.1
27131,2023-09-01,2.2
27131,2023-08-01,2.9
27131,2023-07-01,2.8
27131,2023-06-01,3.1
27131,2023-05-01,2.4
27131,2023-04-01,2.7
27131,2023-03-01,3.5
27131,2023-02-01,3.7
27131,2023-01-01,3.5
27131,2022-12-01,3
27131,2022-11-01,2.2
27131,2022-10-01,1.8
27131,2022-09-01,1.8
27131,2022-08-01,2.5
27131,2022-07-01,2.4
27131,2022-06-01,2.6
27131,2022-05-01,1.9
27131,2022-04-01,2.2
27131,2022-03-01,3.1
27131,2022-02-01,3.4
27131,2022-01-01,3.8
27133,2026-07-01,3.7
27133,2026-06-01,3.9
27133,2026-05-01,3.2
27133,2026-04-01,2.3
27133,2026-03-01,3.4
27133,2026-02-01,4.1
27133,2026-01-01,4.1
27133,2025-12-01,3
27133,2025-11-01,2.8
27133,2025-10-01,NA
27133,2025-09-01,2.9
27133,2025-08-01,3.2
27133,2025-07-01,3.4
27133,2025-06-01,3.5
27133,2025-05-01,2.6
27133,2025-04-01,2
27133,2025-03-01,2.6
27133,2025-02-01,2.9
27133,2025-01-01,2.6
27133,2024-12-01,1.8
27133,2024-11-01,1.6
27133,2024-10-01,1.5
27133,2024-09-01,1.7
27133,2024-08-01,2.5
27133,2024-07-01,3
27133,2024-06-01,3
27133,2024-05-01,1.9
27133,2024-04-01,1.5
27133,2024-03-01,2
27133,2024-02-01,2.6
27133,2024-01-01,2.4
27133,2023-12-01,1.6
27133,2023-11-01,1.3
27133,2023-10-01,1.7
27133,2023-09-01,1.8
27133,2023-08-01,2.2
27133,2023-07-01,2.4
27133,2023-06-01,2.8
27133,2023-05-01,1.9
27133,2023-04-01,2
27133,2023-03-01,2.4
27133,2023-02-01,2.7
27133,2023-01-01,2.7
27133,2022-12-01,2
27133,2022-11-01,1.6
27133,2022-10-01,1.4
27133,2022-09-01,1.3
27133,2022-08-01,1.8
27133,2022-07-01,1.7
27133,2022-06-01,1.8
27133,2022-05-01,1.2
27133,2022-04-01,1.3
27133,2022-03-01,2.3
27133,2022-02-01,2.4
27133,2022-01-01,2.7
27135,2026-07-01,4.7
27135,2026-06-01,5
27135,2026-05-01,3.6
27135,2026-04-01,3.7
27135,2026-03-01,4.4
27135,2026-02-01,4.9
27135,2026-01-01,5.1
27135,2025-12-01,4.2
27135,2025-11-01,4
27135,2025-10-01,NA
27135,2025-09-01,3.1
27135,2025-08-01,4.7
27135,2025-07-01,4.4
27135,2025-06-01,4.6
27135,2025-05-01,3.6
27135,2025-04-01,4.3
27135,2025-03-01,4.8
27135,2025-02-01,5.2
27135,2025-01-01,5.1
27135,2024-12-01,3.5
27135,2024-11-01,2.8
27135,2024-10-01,2.3
27135,2024-09-01,2.7
27135,2024-08-01,3.8
27135,2024-07-01,4.5
27135,2024-06-01,4.3
27135,2024-05-01,3.3
27135,2024-04-01,3.1
27135,2024-03-01,4.2
27135,2024-02-01,3.4
27135,2024-01-01,4.2
27135,2023-12-01,3.6
27135,2023-11-01,2.4
27135,2023-10-01,1.9
27135,2023-09-01,2
27135,2023-08-01,3
27135,2023-07-01,2.9
27135,2023-06-01,3.1
27135,2023-05-01,2.2
27135,2023-04-01,2.2
27135,2023-03-01,2.6
27135,2023-02-01,3
27135,2023-01-01,3.1
27135,2022-12-01,2.5
27135,2022-11-01,2
27135,2022-10-01,1.7
27135,2022-09-01,1.6
27135,2022-08-01,2.2
27135,2022-07-01,2.2
27135,2022-06-01,2.3
27135,2022-05-01,1.9
27135,2022-04-01,1.9
27135,2022-03-01,2.4
27135,2022-02-01,2.7
27135,2022-01-01,3.2
27137,2026-07-01,5.2
27137,2026-06-01,5.3
27137,2026-05-01,4.7
27137,2026-04-01,4.7
27137,2026-03-01,5.5
27137,2026-02-01,6
27137,2026-01-01,5.9
27137,2025-12-01,4.8
27137,2025-11-01,5
27137,2025-10-01,NA
27137,2025-09-01,4.1
27137,2025-08-01,4.8
27137,2025-07-01,4.9
27137,2025-06-01,5
27137,2025-05-01,4
27137,2025-04-01,4.2
27137,2025-03-01,4.7
27137,2025-02-01,4.7
27137,2025-01-01,4.4
27137,2024-12-01,3.3
27137,2024-11-01,3.1
27137,2024-10-01,2.6
27137,2024-09-01,2.8
27137,2024-08-01,3.7
27137,2024-07-01,3.9
27137,2024-06-01,4.1
27137,2024-05-01,3.3
27137,2024-04-01,3.4
27137,2024-03-01,3.9
27137,2024-02-01,4.1
27137,2024-01-01,3.8
27137,2023-12-01,3
27137,2023-11-01,2.4
27137,2023-10-01,2.4
27137,2023-09-01,2.4
27137,2023-08-01,3.2
27137,2023-07-01,3.2
27137,2023-06-01,3.6
27137,2023-05-01,3.2
27137,2023-04-01,3.3
27137,2023-03-01,3.7
27137,2023-02-01,4
27137,2023-01-01,3.9
27137,2022-12-01,3.3
27137,2022-11-01,2.7
27137,2022-10-01,2.3
27137,2022-09-01,2.3
27137,2022-08-01,3.1
27137,2022-07-01,2.9
27137,2022-06-01,3.2
27137,2022-05-01,2.7
27137,2022-04-01,2.6
27137,2022-03-01,3.3
27137,2022-02-01,3.6
27137,2022-01-01,4
27139,2026-07-01,4
27139,2026-06-01,4.2
27139,2026-05-01,3.6
27139,2026-04-01,3.5
27139,2026-03-01,4.2
27139,2026-02-01,4.6
27139,2026-01-01,4.6
27139,2025-12-01,3.8
27139,2025-11-01,3.7
27139,2025-10-01,NA
27139,2025-09-01,3.2
27139,2025-08-01,3.6
27139,2025-07-01,3.5
27139,2025-06-01,3.6
27139,2025-05-01,3.2
27139,2025-04-01,3.1
27139,2025-03-01,3.4
27139,2025-02-01,3.4
27139,2025-01-01,3.3
27139,2024-12-01,2.5
27139,2024-11-01,2.4
27139,2024-10-01,2.3
27139,2024-09-01,2.4
27139,2024-08-01,3.1
27139,2024-07-01,3.1
27139,2024-06-01,3.3
27139,2024-05-01,2.6
27139,2024-04-01,2.6
27139,2024-03-01,3
27139,2024-02-01,3.2
27139,2024-01-01,2.9
27139,2023-12-01,2.3
27139,2023-11-01,1.8
27139,2023-10-01,2.1
27139,2023-09-01,2.2
27139,2023-08-01,2.6
27139,2023-07-01,2.5
27139,2023-06-01,2.8
27139,2023-05-01,2.3
27139,2023-04-01,2.3
27139,2023-03-01,2.6
27139,2023-02-01,2.8
27139,2023-01-01,2.6
27139,2022-12-01,2.1
27139,2022-11-01,1.7
27139,2022-10-01,1.6
27139,2022-09-01,1.6
27139,2022-08-01,2
27139,2022-07-01,1.9
27139,2022-06-01,2.2
27139,2022-05-01,1.6
27139,2022-04-01,1.6
27139,2022-03-01,2.3
27139,2022-02-01,2.3
27139,2022-01-01,2.7
27141,2026-07-01,4.8
27141,2026-06-01,4.8
27141,2026-05-01,3.9
27141,2026-04-01,4.3
27141,2026-03-01,5.7
27141,2026-02-01,5.9
27141,2026-01-01,6
27141,2025-12-01,4.7
27141,2025-11-01,4
27141,2025-10-01,NA
27141,2025-09-01,3.2
27141,2025-08-01,4
27141,2025-07-01,4.2
27141,2025-06-01,4
27141,2025-05-01,3.2
27141,2025-04-01,3.6
27141,2025-03-01,4.5
27141,2025-02-01,4.7
27141,2025-01-01,4.6
27141,2024-12-01,3.3
27141,2024-11-01,2.7
27141,2024-10-01,2.5
27141,2024-09-01,2.5
27141,2024-08-01,3.5
27141,2024-07-01,3.6
27141,2024-06-01,3.7
27141,2024-05-01,2.8
27141,2024-04-01,3
27141,2024-03-01,3.9
27141,2024-02-01,4.1
27141,2024-01-01,4
27141,2023-12-01,2.9
27141,2023-11-01,2
27141,2023-10-01,2.2
27141,2023-09-01,2.2
27141,2023-08-01,2.9
27141,2023-07-01,2.8
27141,2023-06-01,3.1
27141,2023-05-01,2.6
27141,2023-04-01,3
27141,2023-03-01,3.8
27141,2023-02-01,4.1
27141,2023-01-01,3.9
27141,2022-12-01,3.1
27141,2022-11-01,2.1
27141,2022-10-01,1.8
27141,2022-09-01,1.8
27141,2022-08-01,2.3
27141,2022-07-01,2.1
27141,2022-06-01,2.3
27141,2022-05-01,1.8
27141,2022-04-01,2.1
27141,2022-03-01,3.2
27141,2022-02-01,3.4
27141,2022-01-01,3.9
27143,2026-07-01,4.5
27143,2026-06-01,5
27143,2026-05-01,4.5
27143,2026-04-01,5.5
27143,2026-03-01,7
27143,2026-02-01,7.2
27143,2026-01-01,7.3
27143,2025-12-01,5.7
27143,2025-11-01,3.8
27143,2025-10-01,NA
27143,2025-09-01,3.1
27143,2025-08-01,3.9
27143,2025-07-01,4
27143,2025-06-01,4.4
27143,2025-05-01,3.7
27143,2025-04-01,4.6
27143,2025-03-01,5.7
27143,2025-02-01,5.8
27143,2025-01-01,5.8
27143,2024-12-01,4.3
27143,2024-11-01,3.2
27143,2024-10-01,2.4
27143,2024-09-01,2.5
27143,2024-08-01,3.4
27143,2024-07-01,3.7
27143,2024-06-01,4
27143,2024-05-01,3.2
27143,2024-04-01,3.8
27143,2024-03-01,4.9
27143,2024-02-01,5.2
27143,2024-01-01,4.8
27143,2023-12-01,3.7
27143,2023-11-01,2.3
27143,2023-10-01,2.1
27143,2023-09-01,2.3
27143,2023-08-01,2.9
27143,2023-07-01,2.9
27143,2023-06-01,3.4
27143,2023-05-01,3.1
27143,2023-04-01,3.9
27143,2023-03-01,4.9
27143,2023-02-01,5.2
27143,2023-01-01,5.1
27143,2022-12-01,3.9
27143,2022-11-01,2.2
27143,2022-10-01,1.8
27143,2022-09-01,2
27143,2022-08-01,2.2
27143,2022-07-01,2.3
27143,2022-06-01,2.6
27143,2022-05-01,2.1
27143,2022-04-01,2.8
27143,2022-03-01,4
27143,2022-02-01,4.6
27143,2022-01-01,5
27145,2026-07-01,4.7
27145,2026-06-01,5
27145,2026-05-01,4
27145,2026-04-01,4.1
27145,2026-03-01,5.2
27145,2026-02-01,5.6
27145,2026-01-01,5.5
27145,2025-12-01,4.6
27145,2025-11-01,3.9
27145,2025-10-01,NA
27145,2025-09-01,3.2
27145,2025-08-01,4
27145,2025-07-01,4.1
27145,2025-06-01,4.2
27145,2025-05-01,3.4
27145,2025-04-01,3.6
27145,2025-03-01,4.3
27145,2025-02-01,4.4
27145,2025-01-01,4.4
27145,2024-12-01,3.2
27145,2024-11-01,2.8
27145,2024-10-01,2.5
27145,2024-09-01,2.4
27145,2024-08-01,3.4
27145,2024-07-01,3.6
27145,2024-06-01,3.6
27145,2024-05-01,2.7
27145,2024-04-01,2.8
27145,2024-03-01,3.5
27145,2024-02-01,3.7
27145,2024-01-01,3.6
27145,2023-12-01,2.7
27145,2023-11-01,2
27145,2023-10-01,2.1
27145,2023-09-01,2.1
27145,2023-08-01,3
27145,2023-07-01,3
27145,2023-06-01,3.2
27145,2023-05-01,2.5
27145,2023-04-01,2.8
27145,2023-03-01,3.3
27145,2023-02-01,3.6
27145,2023-01-01,3.6
27145,2022-12-01,2.9
27145,2022-11-01,2.2
27145,2022-10-01,1.8
27145,2022-09-01,1.8
27145,2022-08-01,2.4
27145,2022-07-01,2.3
27145,2022-06-01,2.6
27145,2022-05-01,2
27145,2022-04-01,2.2
27145,2022-03-01,3.1
27145,2022-02-01,3.3
27145,2022-01-01,3.8
27147,2026-07-01,5.4
27147,2026-06-01,5.5
27147,2026-05-01,4.5
27147,2026-04-01,4.5
27147,2026-03-01,5.7
27147,2026-02-01,6.1
27147,2026-01-01,6.2
27147,2025-12-01,5.2
27147,2025-11-01,4.4
27147,2025-10-01,NA
27147,2025-09-01,3.9
27147,2025-08-01,4.7
27147,2025-07-01,4.6
27147,2025-06-01,4.8
27147,2025-05-01,4
27147,2025-04-01,4.1
27147,2025-03-01,5.3
27147,2025-02-01,4.8
27147,2025-01-01,4.7
27147,2024-12-01,3.3
27147,2024-11-01,2.9
27147,2024-10-01,2.5
27147,2024-09-01,2.8
27147,2024-08-01,4
27147,2024-07-01,3.8
27147,2024-06-01,4
27147,2024-05-01,2.9
27147,2024-04-01,3.1
27147,2024-03-01,3.7
27147,2024-02-01,4.1
27147,2024-01-01,3.9
27147,2023-12-01,2.9
27147,2023-11-01,2.2
27147,2023-10-01,2.7
27147,2023-09-01,2.7
27147,2023-08-01,3.4
27147,2023-07-01,3.3
27147,2023-06-01,3.7
27147,2023-05-01,3
27147,2023-04-01,3.1
27147,2023-03-01,3.7
27147,2023-02-01,4
27147,2023-01-01,3.8
27147,2022-12-01,3.1
27147,2022-11-01,2.4
27147,2022-10-01,2.1
27147,2022-09-01,2.2
27147,2022-08-01,3
27147,2022-07-01,2.7
27147,2022-06-01,2.9
27147,2022-05-01,2.1
27147,2022-04-01,2.3
27147,2022-03-01,3.3
27147,2022-02-01,3.4
27147,2022-01-01,4
27149,2026-07-01,3.2
27149,2026-06-01,3.4
27149,2026-05-01,3.3
27149,2026-04-01,3.3
27149,2026-03-01,4.1
27149,2026-02-01,4.4
27149,2026-01-01,4.5
27149,2025-12-01,3.7
27149,2025-11-01,2.8
27149,2025-10-01,NA
27149,2025-09-01,2.2
27149,2025-08-01,2.4
27149,2025-07-01,2.9
27149,2025-06-01,3.1
27149,2025-05-01,2.6
27149,2025-04-01,3.3
27149,2025-03-01,3.6
27149,2025-02-01,3.5
27149,2025-01-01,3.7
27149,2024-12-01,3
27149,2024-11-01,1.9
27149,2024-10-01,1.9
27149,2024-09-01,1.5
27149,2024-08-01,2.1
27149,2024-07-01,2.5
27149,2024-06-01,2.6
27149,2024-05-01,2.1
27149,2024-04-01,2.2
27149,2024-03-01,2.9
27149,2024-02-01,3.2
27149,2024-01-01,3.1
27149,2023-12-01,2.7
27149,2023-11-01,1.8
27149,2023-10-01,1.6
27149,2023-09-01,1.5
27149,2023-08-01,2
27149,2023-07-01,2.1
27149,2023-06-01,2.2
27149,2023-05-01,1.8
27149,2023-04-01,2.3
27149,2023-03-01,2.6
27149,2023-02-01,2.8
27149,2023-01-01,2.9
27149,2022-12-01,2.4
27149,2022-11-01,1.6
27149,2022-10-01,1
27149,2022-09-01,1.2
27149,2022-08-01,1.6
27149,2022-07-01,1.5
27149,2022-06-01,1.8
27149,2022-05-01,1.5
27149,2022-04-01,1.6
27149,2022-03-01,2.4
27149,2022-02-01,2.7
27149,2022-01-01,3
27151,2026-07-01,5.1
27151,2026-06-01,5.1
27151,2026-05-01,7.2
27151,2026-04-01,4.3
27151,2026-03-01,5.3
27151,2026-02-01,5.8
27151,2026-01-01,6.1
27151,2025-12-01,7.1
27151,2025-11-01,4.3
27151,2025-10-01,NA
27151,2025-09-01,6.3
27151,2025-08-01,4
27151,2025-07-01,5.9
27151,2025-06-01,4.7
27151,2025-05-01,3.7
27151,2025-04-01,4.1
27151,2025-03-01,4.5
27151,2025-02-01,4.7
27151,2025-01-01,6.4
27151,2024-12-01,5.5
27151,2024-11-01,2.5
27151,2024-10-01,5
27151,2024-09-01,2.1
27151,2024-08-01,2.8
27151,2024-07-01,3.3
27151,2024-06-01,3.5
27151,2024-05-01,2.5
27151,2024-04-01,3
27151,2024-03-01,3.7
27151,2024-02-01,4
27151,2024-01-01,4.1
27151,2023-12-01,3.1
27151,2023-11-01,2.3
27151,2023-10-01,2.1
27151,2023-09-01,2.3
27151,2023-08-01,2.8
27151,2023-07-01,2.8
27151,2023-06-01,3
27151,2023-05-01,2.7
27151,2023-04-01,3
27151,2023-03-01,3.4
27151,2023-02-01,3.8
27151,2023-01-01,3.7
27151,2022-12-01,3
27151,2022-11-01,2
27151,2022-10-01,1.7
27151,2022-09-01,1.8
27151,2022-08-01,2.5
27151,2022-07-01,2.4
27151,2022-06-01,2.5
27151,2022-05-01,2.1
27151,2022-04-01,2.4
27151,2022-03-01,3.2
27151,2022-02-01,3.6
27151,2022-01-01,4.1
27153,2026-07-01,5.5
27153,2026-06-01,5.7
27153,2026-05-01,4.6
27153,2026-04-01,5.3
27153,2026-03-01,7.7
27153,2026-02-01,7.8
27153,2026-01-01,8.2
27153,2025-12-01,6.9
27153,2025-11-01,5.5
27153,2025-10-01,NA
27153,2025-09-01,3.8
27153,2025-08-01,4.9
27153,2025-07-01,4.7
27153,2025-06-01,4.8
27153,2025-05-01,4
27153,2025-04-01,5.1
27153,2025-03-01,6.4
27153,2025-02-01,6.3
27153,2025-01-01,6.2
27153,2024-12-01,4.9
27153,2024-11-01,4.1
27153,2024-10-01,3.1
27153,2024-09-01,3
27153,2024-08-01,4
27153,2024-07-01,4.1
27153,2024-06-01,4.3
27153,2024-05-01,3.3
27153,2024-04-01,3.9
27153,2024-03-01,5.5
27153,2024-02-01,5.7
27153,2024-01-01,5.7
27153,2023-12-01,4.5
27153,2023-11-01,3.3
27153,2023-10-01,2.7
27153,2023-09-01,2.7
27153,2023-08-01,3.3
27153,2023-07-01,3.5
27153,2023-06-01,3.8
27153,2023-05-01,3.3
27153,2023-04-01,4.4
27153,2023-03-01,5.1
27153,2023-02-01,5.6
27153,2023-01-01,5.5
27153,2022-12-01,4.4
27153,2022-11-01,3.1
27153,2022-10-01,2
27153,2022-09-01,2.1
27153,2022-08-01,2.5
27153,2022-07-01,2.6
27153,2022-06-01,2.9
27153,2022-05-01,2.4
27153,2022-04-01,3.1
27153,2022-03-01,4.2
27153,2022-02-01,4.7
27153,2022-01-01,5.2
27155,2026-07-01,4.1
27155,2026-06-01,3.9
27155,2026-05-01,2.9
27155,2026-04-01,3.1
27155,2026-03-01,4.4
27155,2026-02-01,5.2
27155,2026-01-01,5.2
27155,2025-12-01,3.9
27155,2025-11-01,3.3
27155,2025-10-01,NA
27155,2025-09-01,2.6
27155,2025-08-01,3.3
27155,2025-07-01,3.8
27155,2025-06-01,3.6
27155,2025-05-01,2.9
27155,2025-04-01,3.1
27155,2025-03-01,3.6
27155,2025-02-01,3.6
27155,2025-01-01,3.6
27155,2024-12-01,2.8
27155,2024-11-01,2.3
27155,2024-10-01,1.8
27155,2024-09-01,2
27155,2024-08-01,2.8
27155,2024-07-01,3.6
27155,2024-06-01,3.5
27155,2024-05-01,2.1
27155,2024-04-01,2.4
27155,2024-03-01,3.1
27155,2024-02-01,3.6
27155,2024-01-01,3.4
27155,2023-12-01,2.4
27155,2023-11-01,1.7
27155,2023-10-01,1.7
27155,2023-09-01,2.1
27155,2023-08-01,2.4
27155,2023-07-01,2.7
27155,2023-06-01,3.2
27155,2023-05-01,2.5
27155,2023-04-01,2.9
27155,2023-03-01,3.8
27155,2023-02-01,3.7
27155,2023-01-01,3.7
27155,2022-12-01,2.4
27155,2022-11-01,1.8
27155,2022-10-01,1.3
27155,2022-09-01,1.1
27155,2022-08-01,1.6
27155,2022-07-01,1.5
27155,2022-06-01,1.8
27155,2022-05-01,1.6
27155,2022-04-01,2.3
27155,2022-03-01,3.2
27155,2022-02-01,3.3
27155,2022-01-01,3.3
27157,2026-07-01,4
27157,2026-06-01,4.2
27157,2026-05-01,3.6
27157,2026-04-01,3.5
27157,2026-03-01,4.8
27157,2026-02-01,5.4
27157,2026-01-01,5.3
27157,2025-12-01,4.1
27157,2025-11-01,3.7
27157,2025-10-01,NA
27157,2025-09-01,2.8
27157,2025-08-01,3.2
27157,2025-07-01,3.2
27157,2025-06-01,3.4
27157,2025-05-01,3.2
27157,2025-04-01,3.5
27157,2025-03-01,4.4
27157,2025-02-01,4.5
27157,2025-01-01,4.5
27157,2024-12-01,3.4
27157,2024-11-01,2.5
27157,2024-10-01,2
27157,2024-09-01,2.2
27157,2024-08-01,2.9
27157,2024-07-01,3.1
27157,2024-06-01,3.2
27157,2024-05-01,2.6
27157,2024-04-01,2.8
27157,2024-03-01,3.5
27157,2024-02-01,4.1
27157,2024-01-01,3.9
27157,2023-12-01,2.6
27157,2023-11-01,1.8
27157,2023-10-01,2
27157,2023-09-01,2.1
27157,2023-08-01,2.5
27157,2023-07-01,2.6
27157,2023-06-01,3
27157,2023-05-01,2.5
27157,2023-04-01,2.7
27157,2023-03-01,3.7
27157,2023-02-01,3.9
27157,2023-01-01,3.9
27157,2022-12-01,2.8
27157,2022-11-01,1.9
27157,2022-10-01,1.7
27157,2022-09-01,1.6
27157,2022-08-01,2.2
27157,2022-07-01,2.1
27157,2022-06-01,2.5
27157,2022-05-01,1.8
27157,2022-04-01,2
27157,2022-03-01,3
27157,2022-02-01,3.4
27157,2022-01-01,3.7
27159,2026-07-01,5.8
27159,2026-06-01,6.1
27159,2026-05-01,4.9
27159,2026-04-01,6.1
27159,2026-03-01,9.1
27159,2026-02-01,9.2
27159,2026-01-01,9.6
27159,2025-12-01,7.5
27159,2025-11-01,5.4
27159,2025-10-01,NA
27159,2025-09-01,3.5
27159,2025-08-01,5.3
27159,2025-07-01,5.1
27159,2025-06-01,5.2
27159,2025-05-01,4.3
27159,2025-04-01,6.1
27159,2025-03-01,7.8
27159,2025-02-01,7.8
27159,2025-01-01,7.4
27159,2024-12-01,5.2
27159,2024-11-01,3.8
27159,2024-10-01,2.9
27159,2024-09-01,2.7
27159,2024-08-01,4.1
27159,2024-07-01,4.3
27159,2024-06-01,4.4
27159,2024-05-01,3.4
27159,2024-04-01,4.5
27159,2024-03-01,6
27159,2024-02-01,6.4
27159,2024-01-01,6.4
27159,2023-12-01,4.5
27159,2023-11-01,2.9
27159,2023-10-01,2.6
27159,2023-09-01,2.4
27159,2023-08-01,4.2
27159,2023-07-01,4.5
27159,2023-06-01,4
27159,2023-05-01,3.3
27159,2023-04-01,4.5
27159,2023-03-01,5.7
27159,2023-02-01,6.3
27159,2023-01-01,6.2
27159,2022-12-01,4.6
27159,2022-11-01,3
27159,2022-10-01,2.2
27159,2022-09-01,2.2
27159,2022-08-01,2.8
27159,2022-07-01,2.7
27159,2022-06-01,3
27159,2022-05-01,2.5
27159,2022-04-01,3.3
27159,2022-03-01,4.5
27159,2022-02-01,5.3
27159,2022-01-01,5.7
27161,2026-07-01,4.8
27161,2026-06-01,5
27161,2026-05-01,4.4
27161,2026-04-01,4.8
27161,2026-03-01,6
27161,2026-02-01,6.5
27161,2026-01-01,6.6
27161,2025-12-01,5
27161,2025-11-01,4.1
27161,2025-10-01,NA
27161,2025-09-01,3.6
27161,2025-08-01,4.4
27161,2025-07-01,4.6
27161,2025-06-01,4.7
27161,2025-05-01,4
27161,2025-04-01,4.5
27161,2025-03-01,5.5
27161,2025-02-01,5.3
27161,2025-01-01,5.2
27161,2024-12-01,3.9
27161,2024-11-01,3.2
27161,2024-10-01,2.7
27161,2024-09-01,2.8
27161,2024-08-01,3.6
27161,2024-07-01,3.8
27161,2024-06-01,4.2
27161,2024-05-01,3.4
27161,2024-04-01,3.7
27161,2024-03-01,4.8
27161,2024-02-01,5
27161,2024-01-01,4.9
27161,2023-12-01,3.4
27161,2023-11-01,2.4
27161,2023-10-01,2.5
27161,2023-09-01,2.5
27161,2023-08-01,3.2
27161,2023-07-01,3.2
27161,2023-06-01,3.7
27161,2023-05-01,3.3
27161,2023-04-01,3.5
27161,2023-03-01,4.6
27161,2023-02-01,5
27161,2023-01-01,4.8
27161,2022-12-01,3.4
27161,2022-11-01,2.5
27161,2022-10-01,2
27161,2022-09-01,2
27161,2022-08-01,2.7
27161,2022-07-01,2.7
27161,2022-06-01,3
27161,2022-05-01,2.3
27161,2022-04-01,2.6
27161,2022-03-01,3.6
27161,2022-02-01,3.8
27161,2022-01-01,4.1
27163,2026-07-01,4.3
27163,2026-06-01,4.4
27163,2026-05-01,3.9
27163,2026-04-01,3.5
27163,2026-03-01,4.2
27163,2026-02-01,4.5
27163,2026-01-01,4.4
27163,2025-12-01,3.6
27163,2025-11-01,3.7
27163,2025-10-01,NA
27163,2025-09-01,3.3
27163,2025-08-01,3.7
27163,2025-07-01,3.7
27163,2025-06-01,3.7
27163,2025-05-01,3.3
27163,2025-04-01,3
27163,2025-03-01,3.4
27163,2025-02-01,3.3
27163,2025-01-01,3.1
27163,2024-12-01,2.4
27163,2024-11-01,2.4
27163,2024-10-01,2.4
27163,2024-09-01,2.6
27163,2024-08-01,3.2
27163,2024-07-01,3.2
27163,2024-06-01,3.2
27163,2024-05-01,2.6
27163,2024-04-01,2.5
27163,2024-03-01,2.8
27163,2024-02-01,3
27163,2024-01-01,2.8
27163,2023-12-01,2.2
27163,2023-11-01,1.7
27163,2023-10-01,2.1
27163,2023-09-01,2.3
27163,2023-08-01,2.6
27163,2023-07-01,2.5
27163,2023-06-01,2.8
27163,2023-05-01,2.4
27163,2023-04-01,2.2
27163,2023-03-01,2.6
27163,2023-02-01,2.7
27163,2023-01-01,2.5
27163,2022-12-01,2.1
27163,2022-11-01,1.8
27163,2022-10-01,1.8
27163,2022-09-01,1.8
27163,2022-08-01,2.2
27163,2022-07-01,2.1
27163,2022-06-01,2.3
27163,2022-05-01,1.7
27163,2022-04-01,1.6
27163,2022-03-01,2.3
27163,2022-02-01,2.3
27163,2022-01-01,2.6
27165,2026-07-01,4.9
27165,2026-06-01,4.8
27165,2026-05-01,3.9
27165,2026-04-01,4.1
27165,2026-03-01,5.3
27165,2026-02-01,5.6
27165,2026-01-01,5.6
27165,2025-12-01,4.1
27165,2025-11-01,3.4
27165,2025-10-01,NA
27165,2025-09-01,3
27165,2025-08-01,4.1
27165,2025-07-01,4.6
27165,2025-06-01,4.6
27165,2025-05-01,3.4
27165,2025-04-01,3.4
27165,2025-03-01,4.4
27165,2025-02-01,4.6
27165,2025-01-01,4.3
27165,2024-12-01,2.9
27165,2024-11-01,2.5
27165,2024-10-01,2.4
27165,2024-09-01,2.8
27165,2024-08-01,3.6
27165,2024-07-01,4
27165,2024-06-01,4
27165,2024-05-01,2.9
27165,2024-04-01,3.2
27165,2024-03-01,4.1
27165,2024-02-01,4
27165,2024-01-01,3.8
27165,2023-12-01,2.7
27165,2023-11-01,1.9
27165,2023-10-01,2
27165,2023-09-01,2.9
27165,2023-08-01,2.8
27165,2023-07-01,3.6
27165,2023-06-01,3.7
27165,2023-05-01,2.8
27165,2023-04-01,3.2
27165,2023-03-01,3.9
27165,2023-02-01,4.1
27165,2023-01-01,3.6
27165,2022-12-01,2.8
27165,2022-11-01,2
27165,2022-10-01,1.7
27165,2022-09-01,1.6
27165,2022-08-01,2.5
27165,2022-07-01,3
27165,2022-06-01,2.7
27165,2022-05-01,2.2
27165,2022-04-01,2.4
27165,2022-03-01,3.1
27165,2022-02-01,3.1
27165,2022-01-01,3.2
27167,2026-07-01,4.1
27167,2026-06-01,4.1
27167,2026-05-01,3.8
27167,2026-04-01,3.5
27167,2026-03-01,4.3
27167,2026-02-01,4.9
27167,2026-01-01,5
27167,2025-12-01,3.8
27167,2025-11-01,3
27167,2025-10-01,NA
27167,2025-09-01,2.7
27167,2025-08-01,3.8
27167,2025-07-01,3.7
27167,2025-06-01,4.1
27167,2025-05-01,3.2
27167,2025-04-01,3
27167,2025-03-01,4
27167,2025-02-01,4.1
27167,2025-01-01,4
27167,2024-12-01,2.9
27167,2024-11-01,2.3
27167,2024-10-01,1.8
27167,2024-09-01,2
27167,2024-08-01,3
27167,2024-07-01,4.2
27167,2024-06-01,3.3
27167,2024-05-01,2.2
27167,2024-04-01,2.6
27167,2024-03-01,2.7
27167,2024-02-01,3.1
27167,2024-01-01,2.9
27167,2023-12-01,2.1
27167,2023-11-01,1.5
27167,2023-10-01,1.7
27167,2023-09-01,2
27167,2023-08-01,2.8
27167,2023-07-01,3
27167,2023-06-01,2.9
27167,2023-05-01,2.6
27167,2023-04-01,2.4
27167,2023-03-01,2.7
27167,2023-02-01,3.1
27167,2023-01-01,3.1
27167,2022-12-01,2.3
27167,2022-11-01,1.5
27167,2022-10-01,1.2
27167,2022-09-01,1.4
27167,2022-08-01,2.3
27167,2022-07-01,2.2
27167,2022-06-01,2.4
27167,2022-05-01,1.6
27167,2022-04-01,1.8
27167,2022-03-01,2.4
27167,2022-02-01,2.6
27167,2022-01-01,2.9
27169,2026-07-01,4.1
27169,2026-06-01,4.3
27169,2026-05-01,3.8
27169,2026-04-01,3.1
27169,2026-03-01,3.8
27169,2026-02-01,4.3
27169,2026-01-01,4.3
27169,2025-12-01,3.4
27169,2025-11-01,3.1
27169,2025-10-01,NA
27169,2025-09-01,2.9
27169,2025-08-01,3.3
27169,2025-07-01,3.4
27169,2025-06-01,3.6
27169,2025-05-01,3
27169,2025-04-01,2.6
27169,2025-03-01,3.3
27169,2025-02-01,3.3
27169,2025-01-01,3.2
27169,2024-12-01,2.4
27169,2024-11-01,2.1
27169,2024-10-01,2
27169,2024-09-01,2.1
27169,2024-08-01,2.8
27169,2024-07-01,3
27169,2024-06-01,3.1
27169,2024-05-01,2.4
27169,2024-04-01,2.2
27169,2024-03-01,2.5
27169,2024-02-01,3
27169,2024-01-01,2.8
27169,2023-12-01,2.1
27169,2023-11-01,1.6
27169,2023-10-01,1.9
27169,2023-09-01,2
27169,2023-08-01,2.6
27169,2023-07-01,2.4
27169,2023-06-01,2.7
27169,2023-05-01,2.4
27169,2023-04-01,2
27169,2023-03-01,2.4
27169,2023-02-01,2.6
27169,2023-01-01,2.5
27169,2022-12-01,2.1
27169,2022-11-01,1.6
27169,2022-10-01,1.4
27169,2022-09-01,1.5
27169,2022-08-01,2.1
27169,2022-07-01,2
27169,2022-06-01,2.2
27169,2022-05-01,1.6
27169,2022-04-01,1.5
27169,2022-03-01,2.2
27169,2022-02-01,2.2
27169,2022-01-01,2.6
27171,2026-07-01,4.5
27171,2026-06-01,4.6
27171,2026-05-01,3.8
27171,2026-04-01,4.1
27171,2026-03-01,5.3
27171,2026-02-01,5.6
27171,2026-01-01,5.6
27171,2025-12-01,4.4
27171,2025-11-01,3.8
27171,2025-10-01,NA
27171,2025-09-01,3.1
27171,2025-08-01,3.8
27171,2025-07-01,3.8
27171,2025-06-01,3.8
27171,2025-05-01,3.1
27171,2025-04-01,3.4
27171,2025-03-01,4.3
27171,2025-02-01,4.4
27171,2025-01-01,4.1
27171,2024-12-01,3
27171,2024-11-01,2.6
27171,2024-10-01,2.3
27171,2024-09-01,2.5
27171,2024-08-01,3.2
27171,2024-07-01,3.4
27171,2024-06-01,3.4
27171,2024-05-01,2.6
27171,2024-04-01,2.8
27171,2024-03-01,3.6
27171,2024-02-01,3.8
27171,2024-01-01,3.6
27171,2023-12-01,2.7
27171,2023-11-01,1.8
27171,2023-10-01,2
27171,2023-09-01,2.1
27171,2023-08-01,2.7
27171,2023-07-01,2.6
27171,2023-06-01,2.9
27171,2023-05-01,2.3
27171,2023-04-01,2.8
27171,2023-03-01,3.5
27171,2023-02-01,3.7
27171,2023-01-01,3.6
27171,2022-12-01,2.8
27171,2022-11-01,2
27171,2022-10-01,1.7
27171,2022-09-01,1.6
27171,2022-08-01,2
27171,2022-07-01,1.9
27171,2022-06-01,2.1
27171,2022-05-01,1.6
27171,2022-04-01,1.9
27171,2022-03-01,2.8
27171,2022-02-01,3
27171,2022-01-01,3.3
27173,2026-07-01,5.9
27173,2026-06-01,6.1
27173,2026-05-01,3.8
27173,2026-04-01,3.9
27173,2026-03-01,5.5
27173,2026-02-01,6.2
27173,2026-01-01,6.4
27173,2025-12-01,5.1
27173,2025-11-01,3.9
27173,2025-10-01,NA
27173,2025-09-01,3.1
27173,2025-08-01,3.7
27173,2025-07-01,4.7
27173,2025-06-01,4.5
27173,2025-05-01,3.5
27173,2025-04-01,3.7
27173,2025-03-01,4.6
27173,2025-02-01,4.7
27173,2025-01-01,4.6
27173,2024-12-01,3.2
27173,2024-11-01,2.4
27173,2024-10-01,2.1
27173,2024-09-01,2.1
27173,2024-08-01,3.3
27173,2024-07-01,4
27173,2024-06-01,4.1
27173,2024-05-01,2.8
27173,2024-04-01,3
27173,2024-03-01,3.6
27173,2024-02-01,3.7
27173,2024-01-01,3.9
27173,2023-12-01,2.7
27173,2023-11-01,1.8
27173,2023-10-01,2.1
27173,2023-09-01,2.4
27173,2023-08-01,3.5
27173,2023-07-01,3.6
27173,2023-06-01,3.6
27173,2023-05-01,2.5
27173,2023-04-01,2.7
27173,2023-03-01,3.6
27173,2023-02-01,3.9
27173,2023-01-01,4
27173,2022-12-01,3.1
27173,2022-11-01,1.9
27173,2022-10-01,1.6
27173,2022-09-01,1.8
27173,2022-08-01,2.6
27173,2022-07-01,2.5
27173,2022-06-01,2.7
27173,2022-05-01,2.1
27173,2022-04-01,2.2
27173,2022-03-01,3.3
27173,2022-02-01,3.6
27173,2022-01-01,3.9
